address,area,closed_to,date,formatted_add,label_info,lat,lng,notes,retrieval_date,school,search_coo,status
Ζυμπρακάκη 47,ΑΘΗΝΑΙΩΝ,14-10-2020,2020-10-14,"Athens 104 45, Greece",,38.0119201,23.7279894,Αναστέλλει τη λειτουργία του μόνο το τμήμα Δ2,2020-10-05 17:28:20.914322,31ο ΔΗΜΟΤΙΚΟ ΣΧΟΛΕΙΟ ΑΘΗΝΑΣ,"31ο ΔΗΜΟΤΙΚΟ ΣΧΟΛΕΙΟ ΑΘΗΝΑΣ,Ζυμπρακάκη 47,ΑΘΗΝΑΙΩΝ",Μερική αναστολή
Φ.ΛΙΤΣΑ ΚΑΙ ΚΑΛΛΙΣΠΕΡΗ,ΧΑΛΑΝΔΡΙΟΥ,18-10-2020,2020-10-18,"Filippou Litsa, Chalandri 152 34, Greece",,38.022225,23.805497,Αναστέλλει τη λειτουργία του μόνο το τμήμα Α2,2020-10-05 17:28:20.914322,2ο ΔΗΜΟΤΙΚΟ ΣΧΟΛΕΙΟ ΧΑΛΑΝΔΡΙΟΥ,"2ο ΔΗΜΟΤΙΚΟ ΣΧΟΛΕΙΟ ΧΑΛΑΝΔΡΙΟΥ,Φ.ΛΙΤΣΑ ΚΑΙ ΚΑΛΛΙΣΠΕΡΗ,ΧΑΛΑΝΔΡΙΟΥ",Μερική αναστολή
ΤΑΫΓΕΤΟΥ 60,ΑΘΗΝΑΙΩΝ,13-10-2020,2020-10-13,"Athens 112 55, Greece",,38.012805,23.740233,Αναστέλλει τη λειτουργία του μόνο το τμήμα Β2,2020-10-05 17:28:20.914322,21ο ΓΥΜΝΑΣΙΟ ΑΘΗΝΩΝ,"21ο ΓΥΜΝΑΣΙΟ ΑΘΗΝΩΝ,ΤΑΫΓΕΤΟΥ 60,ΑΘΗΝΑΙΩΝ",Μερική αναστολή
ΑΓ.ΝΙΚΟΛΑΟΣ ΚΕΑΣ,ΚΕΑΣ,13-10-2020,2020-10-13,,,,,,2020-10-05 17:28:20.914322,ΝΗΠΙΑΓΩΓΕΙΟ ΑΓΙΟΥ ΝΙΚΟΛΑΟΥ ΚΕΑΣ,"ΝΗΠΙΑΓΩΓΕΙΟ ΑΓΙΟΥ ΝΙΚΟΛΑΟΥ ΚΕΑΣ,ΑΓ.ΝΙΚΟΛΑΟΣ ΚΕΑΣ,ΚΕΑΣ",Ολική αναστολή
ΜΑΡΑΘΩΝΟΔΡΟΜΟΥ 54,ΑΜΑΡΟΥΣΙΟΥ,17-10-2020,2020-10-17,"Marathonodromou 54, Marousi 151 24, Greece",,38.0501169,23.8062432,Αναστέλλει τη λειτουργία του μόνο το τμήμα Β1,2020-10-05 17:28:20.914322,8ο ΔΗΜΟΤΙΚΟ ΣΧΟΛΕΙΟ ΑΜΑΡΟΥΣΙΟΥ,"8ο ΔΗΜΟΤΙΚΟ ΣΧΟΛΕΙΟ ΑΜΑΡΟΥΣΙΟΥ,ΜΑΡΑΘΩΝΟΔΡΟΜΟΥ 54,ΑΜΑΡΟΥΣΙΟΥ",Μερική αναστολή
ΟΜΗΡΟΥ 79,ΜΟΣΧΑΤΟΥ - ΤΑΥΡΟΥ,16-10-2020,2020-10-16,"Omirou 71, Moschato 183 44, Greece",Τμήμα Α2,37.9501505,23.6788039,Αναστέλλει τη λειτουργία του μόνο το τμήμα Α2,2020-10-05 11:56:52.842827,1ο ΔΗΜΟΤΙΚΟ ΣΧΟΛΕΙΟ ΜΟΣΧΑΤΟΥ,"1ο ΔΗΜΟΤΙΚΟ ΣΧΟΛΕΙΟ ΜΟΣΧΑΤΟΥ,ΟΜΗΡΟΥ 79,ΜΟΣΧΑΤΟΥ - ΤΑΥΡΟΥ",Μερική αναστολή
Δ.Σ .ΔΑΦΝΗΣ,ΣΚΥΔΡΑΣ,12-10-2020,2020-10-12,"Dafni 585 00, Greece",,40.7709183,22.2377691,,2020-10-05 00:39:32.115459,ΔΗΜΟΤΙΚΟ ΣΧΟΛΕΙΟ ΔΑΦΝΗΣ ΠΕΛΛΑΣ,"ΔΗΜΟΤΙΚΟ ΣΧΟΛΕΙΟ ΔΑΦΝΗΣ ΠΕΛΛΑΣ,Δ.Σ .ΔΑΦΝΗΣ,ΣΚΥΔΡΑΣ",Ολική αναστολή
ΔΙΓΕΝΗ ΑΚΡΙΤΑ 1,ΙΩΑΝΝΙΤΩΝ,16-10-2020,2020-10-16,"Mpiti 36, Ioannina 453 32, Greece",Τμήματα Στ1 Και Στ2,39.66023,20.84492,Αναστέλλουν τη λειτουργία τους τα τμήματα ΣΤ1 και ΣΤ2,2020-10-05 00:39:32.115459,21ο ΔΗΜΟΤΙΚΟ ΣΧΟΛΕΙΟ ΙΩΑΝΝΙΝΩΝ,"21ο ΔΗΜΟΤΙΚΟ ΣΧΟΛΕΙΟ ΙΩΑΝΝΙΝΩΝ,ΔΙΓΕΝΗ ΑΚΡΙΤΑ 1,ΙΩΑΝΝΙΤΩΝ",Μερική αναστολή
ΑΡΓΟΣΤΟΛΙΟΥ 65,ΑΓΙΟΥ ΔΗΜΗΤΡΙΟΥ,16-10-2020,2020-10-16,"Argostoliou 65, Ag. Dimitrios 173 42, Greece",Τμήματα Α Υδραυλικών Και Β2 Υδραυλικών,37.92202260000001,23.7280595,Αναστέλλουν τη λειτουργία τους τα τμήματα Α Υδραυλικών και Β2 Υδραυλικών,2020-10-05 00:39:32.115459,ΕΙΔΙΚΟ ΕΡΓΑΣΤΗΡΙΟ ΕΠΑΓΓΕΛΜΑΤΙΚΗΣ ΕΚΠΑΙΔΕΥΣΗΣ ΚΑΙ ΚΑΤΑΡΤΙΣΗΣ ΑΓΙΟΥ ΔΗΜΗΤΡΙΟΥ,"ΕΙΔΙΚΟ ΕΡΓΑΣΤΗΡΙΟ ΕΠΑΓΓΕΛΜΑΤΙΚΗΣ ΕΚΠΑΙΔΕΥΣΗΣ ΚΑΙ ΚΑΤΑΡΤΙΣΗΣ ΑΓΙΟΥ ΔΗΜΗΤΡΙΟΥ,ΑΡΓΟΣΤΟΛΙΟΥ 65,ΑΓΙΟΥ ΔΗΜΗΤΡΙΟΥ",Μερική αναστολή
Γ. ΡΙΤΣΟΥ 2Α - ΠΕΡΙΟΧΗ ΣΜΑΡΕΚΑ,ΕΔΕΣΣΑΣ,13-10-2020,2020-10-13,"Gianni Ritsou 54, Edessa 582 00, Greece",Τμήμα Γ1,40.8060048,22.0423007,Αναστέλλει τη λειτουργία του μόνο το τμήμα Γ1,2020-10-05 00:39:32.115459,3ο ΓΥΜΝΑΣΙΟ ΕΔΕΣΣΑΣ ΠΕΛΛΑΣ,"3ο ΓΥΜΝΑΣΙΟ ΕΔΕΣΣΑΣ ΠΕΛΛΑΣ,Γ. ΡΙΤΣΟΥ 2Α - ΠΕΡΙΟΧΗ ΣΜΑΡΕΚΑ,ΕΔΕΣΣΑΣ",Μερική αναστολή
1ο ΧΛΜ ΑΡΙΔΑΙΑΣ -ΕΞΑΠΛΑΤΑΝΟΥ,ΑΛΜΩΠΙΑΣ,15-10-2020,2020-10-15,"1ο χλμ Επαρχιακή Οδός Αριδαίας-Εξαπλατανου Περιφεριακός, Aridea 584 00, Greece",Τμήμα Β Διοίκησης Και Οικονομίας,40.968495,22.065895,Αναστέλλει τη λειτουργία του μόνο το τμήμα Β Διοίκησης και Οικονομίας,2020-10-05 00:39:32.115459,ΕΣΠΕΡΙΝΟ ΕΠΑΛ ΑΡΙΔΑΙΑΣ,"ΕΣΠΕΡΙΝΟ ΕΠΑΛ ΑΡΙΔΑΙΑΣ,1ο ΧΛΜ ΑΡΙΔΑΙΑΣ -ΕΞΑΠΛΑΤΑΝΟΥ,ΑΛΜΩΠΙΑΣ",Μερική αναστολή
ΜΕΣΣΗΝΙΑΣ 27,ΝΕΑΣ ΙΩΝΙΑΣ,17-10-2020,2020-10-17,"Messinias 27, Nea Ionia 142 35, Greece",Τμήμα Γ2,38.0369605,23.7799356,Αναστέλλει τη λειτουργία του μόνο το τμήμα Γ2,2020-10-05 00:39:32.115459,6ο ΓΥΜΝΑΣΙΟ ΝΕΑΣ ΙΩΝΙΑΣ,"6ο ΓΥΜΝΑΣΙΟ ΝΕΑΣ ΙΩΝΙΑΣ,ΜΕΣΣΗΝΙΑΣ 27,ΝΕΑΣ ΙΩΝΙΑΣ",Μερική αναστολή
Χλόης και Τρικάλων,ΑΓΙΑΣ ΠΑΡΑΣΚΕΥΗΣ,17-10-2020,2020-10-17,"153 01, Trikalon 15, Ag. Paraskevi 153 42, Greece",Τμήμα 3.1,38.010125,23.837271,Αναστέλλει τη λειτουργία του μόνο το Γαλλικό τμήμα 3.1,2020-10-05 00:39:32.115459,"ΙΔΙΩΤΙΚΟ ΓΥΜΝΑΣΙΟ ΕΛΛΗΝΟΓΑΛΛΙΚΗ ΣΧΟΛΗ ΑΓΙΑΣ ΠΑΡΑΣΚΕΥΗΣ ""ΕΥΓΕΝΙΟΣ ΝΤΕΛΑΚΡΟΥΑ""","ΙΔΙΩΤΙΚΟ ΓΥΜΝΑΣΙΟ ΕΛΛΗΝΟΓΑΛΛΙΚΗ ΣΧΟΛΗ ΑΓΙΑΣ ΠΑΡΑΣΚΕΥΗΣ ""ΕΥΓΕΝΙΟΣ ΝΤΕΛΑΚΡΟΥΑ"",Χλόης και Τρικάλων,ΑΓΙΑΣ ΠΑΡΑΣΚΕΥΗΣ",Μερική αναστολή
ΔΕΚΑΤΗΣ ΤΕΤΑΡΤΗΣ ΜΑΪΟΥ 1920 ΤΕΡΜΑ ΚΟΜΟΤΗΝΗ,ΚΟΜΟΤΗΝΗΣ,15-10-2020,2020-10-15,"14is Maiou 14, Komotini 691 00, Greece",Τμήμα Ε3,41.121202,25.3931145,Αναστέλλει τη λειτουργία του μόνο το τμήμα Ε3,2020-10-05 00:39:32.115459,10ο ΔΗΜΟΤΙΚΟ ΣΧΟΛΕΙΟ ΚΟΜΟΤΗΝΗΣ,"10ο ΔΗΜΟΤΙΚΟ ΣΧΟΛΕΙΟ ΚΟΜΟΤΗΝΗΣ,ΔΕΚΑΤΗΣ ΤΕΤΑΡΤΗΣ ΜΑΪΟΥ 1920 ΤΕΡΜΑ ΚΟΜΟΤΗΝΗ,ΚΟΜΟΤΗΝΗΣ",Μερική αναστολή
ΜΠΟΥΜΠΟΥΛΙΝΑΣ 14,ΧΑΪΔΑΡΙΟΥ,14-10-2020,2020-10-14,"Mpoumpoulinas 14, Chaidari 124 62, Greece","Τμήμα Γ2 Έως Και 09-10-2020, Και Το Τμήμα Γ1 Έως Και 14-10-2020",38.0144877,23.6556262,"Αναστέλλει τη λειτουργία του το τμήμα Γ2 έως και 09-10-2020, και το τμήμα Γ1 έως και 14-10-2020",2020-10-05 00:39:32.115459,6ο ΓΥΜΝΑΣΙΟ ΧΑΪΔΑΡΙΟΥ,"6ο ΓΥΜΝΑΣΙΟ ΧΑΪΔΑΡΙΟΥ,ΜΠΟΥΜΠΟΥΛΙΝΑΣ 14,ΧΑΪΔΑΡΙΟΥ",Μερική αναστολή
ΡΙΟΛΟΣ ΑΧΑΙΑΣ,ΔΥΤΙΚΗΣ ΑΧΑΙΑΣ,12-10-2020,2020-10-12,"Riolos 252 00, Greece",Β' Ταξη,38.0560493,21.463835,ΑΝΑΣΤΟΛΗ ΛΕΙΤΟΥΡΓΙΑΣ Α' και Β' ΤΑΞΗΣ,2020-10-05 00:39:32.115459,ΓΥΜΝΑΣΙΟ ΚΑΙ ΛΥΚΕΙΑΚΕΣ ΤΑΞΕΙΣ ΡΙΟΛΟΥ ΑΧΑΪΑΣ,"ΓΥΜΝΑΣΙΟ ΚΑΙ ΛΥΚΕΙΑΚΕΣ ΤΑΞΕΙΣ ΡΙΟΛΟΥ ΑΧΑΪΑΣ,ΡΙΟΛΟΣ ΑΧΑΙΑΣ,ΔΥΤΙΚΗΣ ΑΧΑΙΑΣ",Μερική αναστολή
Λ. ΠΟΣΕΙΔΩΝΟΣ 11,ΜΟΣΧΑΤΟΥ - ΤΑΥΡΟΥ,16-10-2020,2020-10-16,"Leof. Posidonos 13, Moschato 183 44, Greece","Τμήμα Γ3 Έως Και 08-10-2020, Και Το Τμήμα Α2 Έως Και 16-10-2020",37.9451915,23.6748741,"Αναστέλλει τη λειτουργία του το τμήμα Γ3 έως και 08-10-2020, και το τμήμα Α2 έως και 16-10-2020",2020-10-05 00:39:32.115459,1ο ΓΥΜΝΑΣΙΟ ΜΟΣΧΑΤΟΥ - ΙΩΑΝΝΗΣ ΜΑΚΡΥΓΙΑΝΝΗΣ,"1ο ΓΥΜΝΑΣΙΟ ΜΟΣΧΑΤΟΥ - ΙΩΑΝΝΗΣ ΜΑΚΡΥΓΙΑΝΝΗΣ,Λ. ΠΟΣΕΙΔΩΝΟΣ 11,ΜΟΣΧΑΤΟΥ - ΤΑΥΡΟΥ",Μερική αναστολή
ΜΙΝΩΟΣ 17,ΚΟΜΟΤΗΝΗΣ,13-10-2020,2020-10-13,"Minoos 17, Komotini 691 00, Greece",Ε' Ταξη,41.1262359,25.4163358,ΑΝΑΣΤΟΛΗ ΛΕΙΤΟΥΡΓΙΑΣ Α' και Ε' ΤΑΞΗΣ,2020-10-05 00:39:32.115459,ΜΕΙΟΝΟΤΙΚΟ ΔΗΜΟΤΙΚΟ ΣΧΟΛΕΙΟ ΜΑΣΤΑΝΛΗ ΚΟΜΟΤΗΝΗΣ,"ΜΕΙΟΝΟΤΙΚΟ ΔΗΜΟΤΙΚΟ ΣΧΟΛΕΙΟ ΜΑΣΤΑΝΛΗ ΚΟΜΟΤΗΝΗΣ,ΜΙΝΩΟΣ 17,ΚΟΜΟΤΗΝΗΣ",Μερική αναστολή
ΛΙΟΣΙΩΝ 44,ΑΧΑΡΝΩΝ,13-10-2020,2020-10-13,"Liosion 44, Acharnes 136 75, Greece",Τμήμα Γ3 Και Τα Τμήματα Γ2 Γερμανικών Και Γ3 Γερμανικών,38.0796711,23.7305565,Αναστέλλει τη λειτουργία του το τμήμα Γ3 και τα τμήματα Γ2 Γερμανικών και Γ3 Γερμανικών,2020-10-03 12:45:59.499775,1ο ΓΥΜΝΑΣΙΟ ΑΧΑΡΝΩΝ,"1ο ΓΥΜΝΑΣΙΟ ΑΧΑΡΝΩΝ,ΛΙΟΣΙΩΝ 44,ΑΧΑΡΝΩΝ",Μερική αναστολή
ΡΟΔΟΠΗΣ Κ ΦΙΛΙΑΤΩΝ,ΑΧΑΡΝΩΝ,13-10-2020,2020-10-13,"Iraklitou, Acharnes 136 73, Greece",Τμήμα Β1,38.0829347,23.741051300000002,Αναστέλλει τη λειτουργία του μόνο το τμήμα Β1,2020-10-03 12:45:59.499775,5ο ΓΕΝΙΚΟ ΛΥΚΕΙΟ ΑΧΑΡΝΩΝ - ΑΓΙΑ ΑΝΝΑ,"5ο ΓΕΝΙΚΟ ΛΥΚΕΙΟ ΑΧΑΡΝΩΝ - ΑΓΙΑ ΑΝΝΑ,ΡΟΔΟΠΗΣ Κ ΦΙΛΙΑΤΩΝ,ΑΧΑΡΝΩΝ",Μερική αναστολή
ΔΗΜΟΚΡΙΤΟΥ  6 & ΓΕΡΜΑΝΙΚΗΣ ΣΧΟΛΗΣ ΑΘΗΝΩΝ,ΑΜΑΡΟΥΣΙΟΥ,09-10-2020,2020-10-09,"Dimokritou 6 & Germanikis Scholis Athinon, Marousi 151 23, Greece",Τμήμα 9Β,38.0367489,23.7941474,Αναστέλλει τη λειτουργία του μόνο το τμήμα 9Β,2020-10-03 12:45:59.499775,ΙΔΙΩΤΙΚΟ ΓΥΜΝΑΣΙΟ ΜΑΡΟΥΣΙ - ΓΕΡΜΑΝΙΚΗ ΣΧΟΛΗ ΑΘΗΝΩΝ,"ΙΔΙΩΤΙΚΟ ΓΥΜΝΑΣΙΟ ΜΑΡΟΥΣΙ - ΓΕΡΜΑΝΙΚΗ ΣΧΟΛΗ ΑΘΗΝΩΝ,ΔΗΜΟΚΡΙΤΟΥ  6 & ΓΕΡΜΑΝΙΚΗΣ ΣΧΟΛΗΣ ΑΘΗΝΩΝ,ΑΜΑΡΟΥΣΙΟΥ",Μερική αναστολή
ΑΣΠΡΟΓΕΡΑΚΑ 2,ΑΘΗΝΑΙΩΝ,11-10-2020,2020-10-11,"Asprogeraka 2, Athina 117 44, Greece","Τμήμα Γ1 Έως Και 06-10-2020, Και Το Τμήμα Β1 Έως Και 11-10-2020",37.9535188,23.7271141,"Αναστέλλει τη λειτουργία του το τμήμα Γ1 έως και 06-10-2020, και το τμήμα Β1 έως και 11-10-2020",2020-10-02 18:25:06.416064,43ο ΓΥΜΝΑΣΙΟ ΑΘΗΝΩΝ,"43ο ΓΥΜΝΑΣΙΟ ΑΘΗΝΩΝ,ΑΣΠΡΟΓΕΡΑΚΑ 2,ΑΘΗΝΑΙΩΝ",Μερική αναστολή
ΛΙΟΣΙΩΝ 44,ΑΧΑΡΝΩΝ,11-10-2020,2020-10-11,"Liosion 44, Acharnes 136 71, Greece",Τμήμα Α5,38.079657,23.731466,Αναστέλλει τη λειτουργία του μόνο το τμήμα Α5,2020-10-02 18:25:06.416064,7ο ΓΕΝΙΚΟ ΛΥΚΕΙΟ ΑΧΑΡΝΩΝ,"7ο ΓΕΝΙΚΟ ΛΥΚΕΙΟ ΑΧΑΡΝΩΝ,ΛΙΟΣΙΩΝ 44,ΑΧΑΡΝΩΝ",Μερική αναστολή
ΕΛΠΙΔΟΣ  4,ΚΗΦΙΣΙΑΣ,15-10-2020,2020-10-15,"Elpidos 2-8, Kifisia 145 64, Greece",Τμήμα Α1,38.0927448,23.8082722,Αναστέλλει τη λειτουργία του μόνο το τμήμα Α1,2020-10-02 18:25:06.416064,ΙΔΙΩΤΙΚΟ ΛΥΚΕΙΟ ΕΚΠΑΙΔΕΥΤΗΡΙΑ ΑΘΗΝΑΙΚΗ ΑΓΩΓΗ & ΠΑΙΔΕΙΑ,"ΙΔΙΩΤΙΚΟ ΛΥΚΕΙΟ ΕΚΠΑΙΔΕΥΤΗΡΙΑ ΑΘΗΝΑΙΚΗ ΑΓΩΓΗ & ΠΑΙΔΕΙΑ,ΕΛΠΙΔΟΣ  4,ΚΗΦΙΣΙΑΣ",Μερική αναστολή
ΗΡΩΩΝ ΠΟΛΥΤΕΧΝΕΙΟΥ ΚΑΙ ΑΘΑΝΑΣΙΟΥ ΔΙΑΚΟΥ,ΧΑΪΔΑΡΙΟΥ,12-10-2020,2020-10-12,"Athanasiou Diakou 36, Chaidari 124 62, Greece",Τμήμα Στ1,38.0139042,23.650029,Αναστέλλει τη λειτουργία του μόνο το τμήμα ΣΤ1,2020-10-02 18:25:06.416064,8ο ΔΗΜΟΤΙΚΟ ΣΧΟΛΕΙΟ ΧΑΪΔΑΡΙΟΥ,"8ο ΔΗΜΟΤΙΚΟ ΣΧΟΛΕΙΟ ΧΑΪΔΑΡΙΟΥ,ΗΡΩΩΝ ΠΟΛΥΤΕΧΝΕΙΟΥ ΚΑΙ ΑΘΑΝΑΣΙΟΥ ΔΙΑΚΟΥ,ΧΑΪΔΑΡΙΟΥ",Μερική αναστολή
ΕΛΕΥΘΕΡΙΑΣ 18,ΝΕΑΣ ΙΩΝΙΑΣ,15-10-2020,2020-10-15,"Eleftherias 18, Nea Ionia 142 35, Greece",Τμήμα Γ1,38.035556,23.7771721,Αναστέλλει τη λειτουργία του μόνο το τμήμα Γ1,2020-10-02 18:25:06.416064,ΔΗΜΟΤΙΚΟ ΣΧΟΛΕΙΟ ΔΙΑΠΟΛΙΤΙΣΜΙΚΗΣ ΕΚΠΑΙΔΕΥΣΗΣ ΑΛΣΟΥΠΟΛΗΣ,"ΔΗΜΟΤΙΚΟ ΣΧΟΛΕΙΟ ΔΙΑΠΟΛΙΤΙΣΜΙΚΗΣ ΕΚΠΑΙΔΕΥΣΗΣ ΑΛΣΟΥΠΟΛΗΣ,ΕΛΕΥΘΕΡΙΑΣ 18,ΝΕΑΣ ΙΩΝΙΑΣ",Μερική αναστολή
ΜΙΚΡΑΣ ΑΣΙΑΣ  67,ΚΕΡΑΤΣΙΝΙΟΥ - ΔΡΑΠΕΤΣΩΝΑΣ,14-10-2020,2020-10-14,"Mikras Asias 67, Keratsini 187 56, Greece",Τμήμα Στ1,37.959397,23.6231864,Αναστέλλει τη λειτουργία του μόνο το τμήμα ΣΤ1,2020-10-02 18:25:06.416064,ΙΔΙΩΤΙΚΟ ΔΗΜΟΤΙΚΟ Α.Δ. ΣΤΕΓΚΑ Ο.Ε.,"ΙΔΙΩΤΙΚΟ ΔΗΜΟΤΙΚΟ Α.Δ. ΣΤΕΓΚΑ Ο.Ε.,ΜΙΚΡΑΣ ΑΣΙΑΣ  67,ΚΕΡΑΤΣΙΝΙΟΥ - ΔΡΑΠΕΤΣΩΝΑΣ",Μερική αναστολή
ΝΕΪΓΥ  17,ΑΘΗΝΑΙΩΝ,14-10-2020,2020-10-14,"Neigi 17, Athina 111 43, Greece","Τμήματα Δ2, Ε4Α Και Ε5Α",38.0232484,23.733103600000003,"Αναστέλλουν τη λειτουργία τους μόνο το τμήματα Δ2, Ε4Α και Ε5Α",2020-10-02 18:25:06.416064,ΙΔΙΩΤΙΚΟ ΔΗΜΟΤΙΚΟ ΠΑΤΗΣΙΑ - ΛΕΟΝΤΕΙΟΣ ΣΧΟΛΗ ΠΑΤΗΣΙΩΝ,"ΙΔΙΩΤΙΚΟ ΔΗΜΟΤΙΚΟ ΠΑΤΗΣΙΑ - ΛΕΟΝΤΕΙΟΣ ΣΧΟΛΗ ΠΑΤΗΣΙΩΝ,ΝΕΪΓΥ  17,ΑΘΗΝΑΙΩΝ",Μερική αναστολή
ΜΙΚΡΑΣ ΑΣΙΑΣ 67,ΠΕΙΡΑΙΩΣ,14-10-2020,2020-10-14,"Mikras Asias 67, Keratsini 187 56, Greece",Γ' Ταξη,37.959397,23.6231864,ΑΝΑΣΤΟΛΗ ΛΕΙΤΟΥΡΓΙΑΣ Γ' ΤΑΞΗΣ,2020-10-02 18:25:06.416064,ΙΔΙΩΤΙΚΟ ΓΥΜΝΑΣΙΟ Α.Δ. ΣΤΕΓΚΑ Ο.Ε.,"ΙΔΙΩΤΙΚΟ ΓΥΜΝΑΣΙΟ Α.Δ. ΣΤΕΓΚΑ Ο.Ε.,ΜΙΚΡΑΣ ΑΣΙΑΣ 67,ΠΕΙΡΑΙΩΣ",Μερική αναστολή
ΑΓΙΑΣ ΛΑΥΡΑΣ ΚΑΙ ΡΙΜΙΝΙ,ΛΥΚΟΒΡΥΣΗΣ - ΠΕΥΚΗΣ,15-10-2020,2020-10-15,"Agias Lavras ke Rimini, Likovrisi Pefki 141 23, Greece",Τμήμα Γ2,38.0731218,23.7843093,Αναστέλλει τη λειτουργία του μόνο το τμήμα Γ2,2020-10-02 18:25:06.416064,2ο ΔΗΜΟΤΙΚΟ ΣΧΟΛΕΙΟ ΛΥΚΟΒΡΥΣΗΣ,"2ο ΔΗΜΟΤΙΚΟ ΣΧΟΛΕΙΟ ΛΥΚΟΒΡΥΣΗΣ,ΑΓΙΑΣ ΛΑΥΡΑΣ ΚΑΙ ΡΙΜΙΝΙ,ΛΥΚΟΒΡΥΣΗΣ - ΠΕΥΚΗΣ",Μερική αναστολή
ΠΑΝΑΓΙΑΣ ΓΡΗΓΟΡΟΥΣΗΣ 61 ΚΑΙ ΔΕΚΑΤΗΣ ΕΒΔΟΜΗΣ ΝΟΕΜΒΡ,ΦΥΛΗΣ,15-10-2020,2020-10-15,"17is Noemvriou 37, Zefiri 134 51, Greece",,38.0691589,23.716065,,2020-10-02 18:25:06.416064,4ο ΔΗΜΟΤΙΚΟ ΣΧΟΛΕΙΟ ΖΕΦΥΡΙΟΥ,"4ο ΔΗΜΟΤΙΚΟ ΣΧΟΛΕΙΟ ΖΕΦΥΡΙΟΥ,ΠΑΝΑΓΙΑΣ ΓΡΗΓΟΡΟΥΣΗΣ 61 ΚΑΙ ΔΕΚΑΤΗΣ ΕΒΔΟΜΗΣ ΝΟΕΜΒΡ,ΦΥΛΗΣ",Ολική αναστολή
ΔΙΟΝΥΣΟΥ 4,ΙΩΑΝΝΙΤΩΝ,14-10-2020,2020-10-14,"Dionisou, Kato Marmara 455 00, Greece",Τμήμα Α2,39.6606685,20.8218277,Αναστέλλει τη λειτουργία του μόνο το τμήμα Α2,2020-10-02 18:25:06.416064,ΔΩΔΩΝΑΙΑ ΕΚΠΑΙΔΕΥΤΗΡΙΑ - ΙΔΙΩΤΙΚΟ ΛΥΚΕΙΟ ΙΩΑΝΝΙΝΩΝ,"ΔΩΔΩΝΑΙΑ ΕΚΠΑΙΔΕΥΤΗΡΙΑ - ΙΔΙΩΤΙΚΟ ΛΥΚΕΙΟ ΙΩΑΝΝΙΝΩΝ,ΔΙΟΝΥΣΟΥ 4,ΙΩΑΝΝΙΤΩΝ",Μερική αναστολή
ΔΙΟΣ 25 ΚΑΙ ΠΟΣΕΙΔΩΝΟΣ,ΙΛΙΟΥ (ΝΕΩΝ ΛΙΟΣΙΩΝ),14-10-2020,2020-10-14,"Posidonos 25, Ilion 131 22, Greece",Τμήμα Γ4,38.0266359,23.7044308,Αναστέλλει τη λειτουργία του μόνο το τμήμα Γ4,2020-10-02 18:25:06.416064,9ο ΓΥΜΝΑΣΙΟ ΙΛΙΟΥ,"9ο ΓΥΜΝΑΣΙΟ ΙΛΙΟΥ,ΔΙΟΣ 25 ΚΑΙ ΠΟΣΕΙΔΩΝΟΣ,ΙΛΙΟΥ (ΝΕΩΝ ΛΙΟΣΙΩΝ)",Μερική αναστολή
ΜΠΟΥΜΠΟΥΛΙΝΑΣ 14,ΧΑΪΔΑΡΙΟΥ,09-10-2020,2020-10-09,"Mpoumpoulinas 14, Chaidari 124 62, Greece",Τμήμα Γ2,38.0144877,23.6556262,Αναστέλλει τη λειτουργία του μόνο το τμήμα Γ2,2020-10-02 18:25:06.416064,6ο ΓΥΜΝΑΣΙΟ ΧΑΪΔΑΡΙΟΥ,"6ο ΓΥΜΝΑΣΙΟ ΧΑΪΔΑΡΙΟΥ,ΜΠΟΥΜΠΟΥΛΙΝΑΣ 14,ΧΑΪΔΑΡΙΟΥ",Μερική αναστολή
ΞΥΛΟΚΑΣΤΡΟΥ 2 & ΦΛΕΒΑΣ,ΙΛΙΟΥ (ΝΕΩΝ ΛΙΟΣΙΩΝ),09-10-2020,2020-10-09,"Ilion 131 22, Greece",Τμήμα 2,38.019245899999994,23.711751899999996,Αναστέλλει τη λειτουργία του μόνο το τμήμα 2,2020-10-02 09:49:27.614078,12ο ΝΗΠΙΑΓΩΓΕΙΟ ΙΛΙΟΥ,"12ο ΝΗΠΙΑΓΩΓΕΙΟ ΙΛΙΟΥ,ΞΥΛΟΚΑΣΤΡΟΥ 2 & ΦΛΕΒΑΣ,ΙΛΙΟΥ (ΝΕΩΝ ΛΙΟΣΙΩΝ)",Μερική αναστολή
ΝΕΑΠΟΛΕΩΣ 5,ΑΓΙΑΣ ΠΑΡΑΣΚΕΥΗΣ,14-10-2020,2020-10-14,"Neapoleos 5, Ag. Paraskevi 153 41, Greece",Τμήμα Β5,38.003127899999996,23.824567899999998,Αναστέλλει τη λειτουργία του μόνο το τμήμα Β5,2020-10-02 09:49:27.614078,1ο ΓΕΝΙΚΟ ΛΥΚΕΙΟ ΑΓΙΑΣ ΠΑΡΑΣΚΕΥΗΣ,"1ο ΓΕΝΙΚΟ ΛΥΚΕΙΟ ΑΓΙΑΣ ΠΑΡΑΣΚΕΥΗΣ,ΝΕΑΠΟΛΕΩΣ 5,ΑΓΙΑΣ ΠΑΡΑΣΚΕΥΗΣ",Μερική αναστολή
ΘΗΒΩΝ Κ Π. ΡΑΛΛΗ,ΑΙΓΑΛΕΩ,13-10-2020,2020-10-13,"Petrou Ralli, Egaleo 122 41, Greece","Γ' Ταξη, Ειδικοτητα Β. Νοσηλευτων ",37.97752930000001,23.670382500000002,"ΑΝΑΣΤΟΛΗ ΛΕΙΤΟΥΡΓΙΑΣ Γ' ΤΑΞΗΣ, ΕΙΔΙΚΟΤΗΤΑ Β. ΝΟΣΗΛΕΥΤΩΝ ",2020-10-02 09:49:27.614078,1ο ΕΣΠΕΡΙΝΟ ΕΠΑΛ ΑΙΓΑΛΕΩ,"1ο ΕΣΠΕΡΙΝΟ ΕΠΑΛ ΑΙΓΑΛΕΩ,ΘΗΒΩΝ Κ Π. ΡΑΛΛΗ,ΑΙΓΑΛΕΩ",Μερική αναστολή
ΣΩΚΡΑΤΟΥΣ 65,ΧΑΪΔΑΡΙΟΥ,12-10-2020,2020-10-12,"Haidari 124 62, Greece","Τμήμα Α1 Έως Και 11-10-2020, Και Το Τμήμα Α2 Έως Και 12-10-2020",38.0177817,23.651111,"Αναστέλλει τη λειτουργία του το τμήμα Α1 έως και 11-10-2020, και το τμήμα Α2 έως και 12-10-2020",2020-10-02 09:49:27.614078,ΙΔΙΩΤΙΚΟ ΓΕΝΙΚΟ ΛΥΚΕΙΟ ΧΑΪΔΑΡΙΟΥ - ΙΔΙΩΤΙΚΑ ΕΚΠΑΙΔΕΥΤΗΡΙΑ ΠΟΛΥΤΡΟΠΗ ΑΡΜΟΝΙΑ,"ΙΔΙΩΤΙΚΟ ΓΕΝΙΚΟ ΛΥΚΕΙΟ ΧΑΪΔΑΡΙΟΥ - ΙΔΙΩΤΙΚΑ ΕΚΠΑΙΔΕΥΤΗΡΙΑ ΠΟΛΥΤΡΟΠΗ ΑΡΜΟΝΙΑ,ΣΩΚΡΑΤΟΥΣ 65,ΧΑΪΔΑΡΙΟΥ",Μερική αναστολή
"ΟΔΟΣ 31η, ΑΡΙΘΜΟΣ 8",ΕΛΛΗΝΙΚΟΥ - ΑΡΓΥΡΟΥΠΟΛΗΣ,12-10-2020,2020-10-12,"31i 8, Elliniko 167 77, Greece",,37.891025,23.7436431,,2020-10-02 09:49:27.614078,2ο ΓΥΜΝΑΣΙΟ ΔΙΑΠΟΛΙΤΙΣΜΙΚΗΣ ΕΚΠΑΙΔΕΥΣΗΣ ΕΛΛΗΝΙΚΟΥ,"2ο ΓΥΜΝΑΣΙΟ ΔΙΑΠΟΛΙΤΙΣΜΙΚΗΣ ΕΚΠΑΙΔΕΥΣΗΣ ΕΛΛΗΝΙΚΟΥ,ΟΔΟΣ 31η, ΑΡΙΘΜΟΣ 8,ΕΛΛΗΝΙΚΟΥ - ΑΡΓΥΡΟΥΠΟΛΗΣ",Ολική αναστολή
Ιερέως Κοντοράβδη 9,ΡΑΦΗΝΑΣ - ΠΙΚΕΡΜΙΟΥ,12-10-2020,2020-10-12,"Iereos Kontoravdi 8, Pikermi 190 09, Greece",Τμήμα Β2,38.0043023,23.9378783,Αναστέλλει τη λειτουργία του μόνο το τμήμα Β2,2020-10-02 09:49:27.614078,ΓΥΜΝΑΣΙΟ ΠΙΚΕΡΜΙΟΥ,"ΓΥΜΝΑΣΙΟ ΠΙΚΕΡΜΙΟΥ,Ιερέως Κοντοράβδη 9,ΡΑΦΗΝΑΣ - ΠΙΚΕΡΜΙΟΥ",Μερική αναστολή
ΟΡΦΕΩΣ 58,ΑΘΗΝΑΙΩΝ,08-10-2020,2020-10-08,"Orfeos 58, Athina 118 54, Greece","Τμήμα Στ2 Έως Και 06-10-2020, Και Το Τμήμα Στ1 Έως Και 8-10-2020",37.9770841,23.70894,"Αναστέλλει τη λειτουργία του το τμήμα ΣΤ2 έως και 06-10-2020, και το τμήμα ΣΤ1 έως και 8-10-2020",2020-10-02 09:49:27.614078,87ο ΠΕΙΡΑΜΑΤΙΚΟ ΔΙΑΠΟΛΙΤΙΣΜΙΚΟ ΔΗΜΟΤΙΚΟ ΣΧΟΛΕΙΟ ΑΘΗΝΩΝ,"87ο ΠΕΙΡΑΜΑΤΙΚΟ ΔΙΑΠΟΛΙΤΙΣΜΙΚΟ ΔΗΜΟΤΙΚΟ ΣΧΟΛΕΙΟ ΑΘΗΝΩΝ,ΟΡΦΕΩΣ 58,ΑΘΗΝΑΙΩΝ",Μερική αναστολή
ΕΘΝΙΚΗΣ ΑΜΥΝΗΣ 26,ΘΕΣΣΑΛΟΝΙΚΗΣ,07-10-2020,2020-10-07,"Eth. Aminis 26, Thessaloniki 546 21, Greece",Τμήμα Γ2,40.629026,22.9516196,Αναστέλλει τη λειτουργία του μόνο το τμήμα Γ2,2020-10-02 09:49:27.614078,1ο ΠΡΟΤΥΠΟ ΓΥΜΝΑΣΙΟ ΘΕΣΣΑΛΟΝΙΚΗΣ,"1ο ΠΡΟΤΥΠΟ ΓΥΜΝΑΣΙΟ ΘΕΣΣΑΛΟΝΙΚΗΣ,ΕΘΝΙΚΗΣ ΑΜΥΝΗΣ 26,ΘΕΣΣΑΛΟΝΙΚΗΣ",Μερική αναστολή
ΕΘΝΙΚΗΣ ΑΝΤΙΣΤΑΣΗΣ 42,ΣΚΥΔΡΑΣ,12-10-2020,2020-10-12,"P. Mela 40, Skidra 585 00, Greece",Τμήμα A4,40.7676288,22.152670699999998,Αναστέλλει τη λειτουργία του μόνο το τμήμα A4,2020-10-02 09:49:27.614078,ΓΥΜΝΑΣΙΟ ΣΚΥΔΡΑΣ ΠΕΛΛΑΣ,"ΓΥΜΝΑΣΙΟ ΣΚΥΔΡΑΣ ΠΕΛΛΑΣ,ΕΘΝΙΚΗΣ ΑΝΤΙΣΤΑΣΗΣ 42,ΣΚΥΔΡΑΣ",Μερική αναστολή
ΑΡΙΣΤΟΤΕΛΟΥΣ 2,ΚΑΤΕΡΙΝΗΣ,12-10-2020,2020-10-12,"Aristotelous 2, Katerini 601 00, Greece",Τμήμα Γ1,40.2712759,22.5051977,Αναστέλλει τη λειτουργία του μόνο το τμήμα Γ1,2020-10-02 09:49:27.614078,4ο ΔΗΜΟΤΙΚΟ ΣΧΟΛΕΙΟ ΚΑΤΕΡΙΝΗΣ,"4ο ΔΗΜΟΤΙΚΟ ΣΧΟΛΕΙΟ ΚΑΤΕΡΙΝΗΣ,ΑΡΙΣΤΟΤΕΛΟΥΣ 2,ΚΑΤΕΡΙΝΗΣ",Μερική αναστολή
ΑΚΡΟΠΟΛΕΩΣ ΠΑΝΤΕΙΧΙΟΥ  77,ΝΙΚΑΙΑΣ - ΑΓΙΟΥ Ι. ΡΕΝΤΗ,12-10-2020,2020-10-12,"Akropoleos 77, Nikea 184 51, Greece",1O Πρωινό/Ολοήμερο,37.9712592,23.6376579,Αναστέλλει τη λειτουργία του μόνο το 1o Πρωινό/Ολοήμερο,2020-10-02 09:49:27.614078,15ο ΝΗΠΙΑΓΩΓΕΙΟ ΝΙΚΑΙΑΣ,"15ο ΝΗΠΙΑΓΩΓΕΙΟ ΝΙΚΑΙΑΣ,ΑΚΡΟΠΟΛΕΩΣ ΠΑΝΤΕΙΧΙΟΥ  77,ΝΙΚΑΙΑΣ - ΑΓΙΟΥ Ι. ΡΕΝΤΗ",Μερική αναστολή
ΧΡΥΣΑΝΘΕΜΩΝ 11,ΩΡΩΠΟΥ,09-10-2020,2020-10-09,"Χρυσανθέμων 11, ΑΦΙΔΝΕΣ ΑΤΤΙΚΗΣ 190 14, Greece",Τμήμα Ε2,38.1906941,23.8422323,Αναστέλλει τη λειτουργία του μόνο το τμήμα Ε2,2020-10-02 09:49:27.614078,1ο ΙΔΙΩΤΙΚΟ ΔΗΜΟΤΙΚΟ ΕΚΠΑΙΔΕΥΤΙΚΗ ΑΝΑΓΕΝΝΗΣΗ,"1ο ΙΔΙΩΤΙΚΟ ΔΗΜΟΤΙΚΟ ΕΚΠΑΙΔΕΥΤΙΚΗ ΑΝΑΓΕΝΝΗΣΗ,ΧΡΥΣΑΝΘΕΜΩΝ 11,ΩΡΩΠΟΥ",Μερική αναστολή
ΝΕΙΓΥ 17,ΑΘΗΝΑΙΩΝ,12-10-2020,2020-10-12,"Neigi 17, Athina 111 43, Greece","Τμήματα 5Γ, Ανθρωπιστικών 1 Και Γαλλικών C2",38.0232484,23.733103600000003,"Αναστέλλουν τη λειτουργία τους μόνο τα τμήματα 5Γ, Ανθρωπιστικών 1 και Γαλλικών C2",2020-10-02 09:49:27.614078,ΛΕΟΝΤΕΙΟ ΛΥΚΕΙΟ ΠΑΤΗΣΙΩΝ ΙΔΙΩΤΙΚΟ ΛΥΚΕΙΟ,"ΛΕΟΝΤΕΙΟ ΛΥΚΕΙΟ ΠΑΤΗΣΙΩΝ ΙΔΙΩΤΙΚΟ ΛΥΚΕΙΟ,ΝΕΙΓΥ 17,ΑΘΗΝΑΙΩΝ",Μερική αναστολή
ΥΠΑΤΟ,ΘΗΒΑΙΩΝ,02-10-2020,2020-10-02,"Epar.Od. Ipatou, Ipato 322 00, Greece",,38.3874821,23.3926579,,2020-10-01 20:05:06.199785,ΝΗΠΙΑΓΩΓΕΙΟ ΥΠΑΤΟΥ,"ΝΗΠΙΑΓΩΓΕΙΟ ΥΠΑΤΟΥ,ΥΠΑΤΟ,ΘΗΒΑΙΩΝ",Επαναλειτουργία
ΥΠΑΤΟ ΒΟΙΩΤΙΑΣ,ΘΗΒΑΙΩΝ,02-10-2020,2020-10-02,"Epar.Od. Ipatou, Ipato 322 00, Greece",,38.3874821,23.3926579,,2020-10-01 20:05:06.199785,ΔΗΜΟΤΙΚΟ ΣΧΟΛΕΙΟ ΥΠΑΤΟΥ,"ΔΗΜΟΤΙΚΟ ΣΧΟΛΕΙΟ ΥΠΑΤΟΥ,ΥΠΑΤΟ ΒΟΙΩΤΙΑΣ,ΘΗΒΑΙΩΝ",Επαναλειτουργία
ΑΝΘΗΔΟΝΑ,ΧΑΛΚΙΔΕΩΝ,02-10-2020,2020-10-02,"Evias 56, Chalkida 341 00, Greece",,38.455865,23.5948443,,2020-10-01 12:42:19.842691,ΝΗΠΙΑΓΩΓΕΙΟ ΑΝΘΗΔΟΝΑΣ,"ΝΗΠΙΑΓΩΓΕΙΟ ΑΝΘΗΔΟΝΑΣ,ΑΝΘΗΔΟΝΑ,ΧΑΛΚΙΔΕΩΝ",Επαναλειτουργία
Λουκίσια ΕΥΒΟΙΑΣ,ΧΑΛΚΙΔΕΩΝ,02-10-2020,2020-10-02,"Loukissia 341 00, Greece",,38.4791344,23.4486395,,2020-10-01 12:42:19.842691,ΔΗΜΟΤΙΚΟ ΣΧΟΛΕΙΟ ΑΝΘΗΔΟΝΑΣ,"ΔΗΜΟΤΙΚΟ ΣΧΟΛΕΙΟ ΑΝΘΗΔΟΝΑΣ,Λουκίσια ΕΥΒΟΙΑΣ,ΧΑΛΚΙΔΕΩΝ",Επαναλειτουργία
ΛΟΥΤΟΥΦΙ,ΘΗΒΑΙΩΝ,02-10-2020,2020-10-02,"Loutoufi 322 00, Greece",,38.2772523,23.2706109,,2020-10-01 12:42:19.842691,ΕΕΕΕΚ ΘΗΒΑΣ,"ΕΕΕΕΚ ΘΗΒΑΣ,ΛΟΥΤΟΥΦΙ,ΘΗΒΑΙΩΝ",Επαναλειτουργία
ΜΟΣΧΟΝΗΣΙΩΝ 23,ΑΙΓΑΛΕΩ,08-10-2020,2020-10-08,"Moschonision 23-39, Egaleo 122 42, Greece",,37.99426,23.680295,,2020-10-01 12:42:19.842691,1ο ΓΥΜΝΑΣΙΟ ΑΙΓΑΛΕΩ,"1ο ΓΥΜΝΑΣΙΟ ΑΙΓΑΛΕΩ,ΜΟΣΧΟΝΗΣΙΩΝ 23,ΑΙΓΑΛΕΩ",Ολική αναστολή
ΕΘΝΙΚΗΣ ΑΝΤΙΣΤΑΣΗΣ 42,ΣΚΥΔΡΑΣ,01-10-2020,2020-10-01,"P. Mela 40, Skidra 585 00, Greece",Τμήμα A4,40.7676288,22.1526707,Αναστέλλει τη λειτουργία του μόνο το τμήμα A4,2020-10-01 12:42:19.842691,ΓΥΜΝΑΣΙΟ ΣΚΥΔΡΑΣ ΠΕΛΛΑΣ,"ΓΥΜΝΑΣΙΟ ΣΚΥΔΡΑΣ ΠΕΛΛΑΣ,ΕΘΝΙΚΗΣ ΑΝΤΙΣΤΑΣΗΣ 42,ΣΚΥΔΡΑΣ",Μερική αναστολή
ΚΩΝΣΤΑΝΤΙΝΟΥΠΟΛΕΩΣ 15-17,ΠΕΤΡΟΥΠΟΛΕΩΣ,05-10-2020,2020-10-05,"Konstantinoupoleos 15-17, Petroupoli 132 31, Greece",Τμήματα Γ6 & Γπ Ειδικότητα Πληροφορικής ,38.03986079999999,23.6933761,Αναστέλλουν τη λειτουργία τους μόνο τα τμήματα Γ6 & ΓΠ Ειδικότητα Πληροφορικής ,2020-10-01 12:42:19.842691,1ο ΕΠΑΛ ΠΕΤΡΟΥΠΟΛΗΣ,"1ο ΕΠΑΛ ΠΕΤΡΟΥΠΟΛΗΣ,ΚΩΝΣΤΑΝΤΙΝΟΥΠΟΛΕΩΣ 15-17,ΠΕΤΡΟΥΠΟΛΕΩΣ",Μερική αναστολή
ΟΛΥΜΠΙΟΝΙΚΩΝ 2 ΚΑΙ ΛΑΣΚΑΡΑΤΟΥ,ΗΛΙΟΥΠΟΛΕΩΣ,05-10-2020,2020-10-05,"Olympionikon 2, Ilioupoli 163 42, Greece",Τμήματα Γ4 & Ανθρωπιστικών Σπουδών 2,37.92090560000001,23.7586537,Αναστέλλουν τη λειτουργία τους μόνο τα τμήματα Γ4 & Ανθρωπιστικών Σπουδών 2,2020-10-01 12:42:19.842691,3ο ΓΕΝΙΚΟ ΛΥΚΕΙΟ ΗΛΙΟΥΠΟΛΗΣ,"3ο ΓΕΝΙΚΟ ΛΥΚΕΙΟ ΗΛΙΟΥΠΟΛΗΣ,ΟΛΥΜΠΙΟΝΙΚΩΝ 2 ΚΑΙ ΛΑΣΚΑΡΑΤΟΥ,ΗΛΙΟΥΠΟΛΕΩΣ",Μερική αναστολή
ΑΓ. ΑΣΩΜΑΤΩΝ 35,ΑΘΗΝΑΙΩΝ,06-10-2020,2020-10-06,"Ag. Asomaton 37, Athina 105 53, Greece",Β' Ταξη,37.97943950000001,23.7196838,ΑΝΑΣΤΟΛΗ ΛΕΙΤΟΥΡΓΙΑΣ Β' ΤΑΞΗΣ,2020-10-01 12:42:19.842691,49ο ΔΗΜΟΤΙΚΟ ΣΧΟΛΕΙΟ ΑΘΗΝΩΝ,"49ο ΔΗΜΟΤΙΚΟ ΣΧΟΛΕΙΟ ΑΘΗΝΩΝ,ΑΓ. ΑΣΩΜΑΤΩΝ 35,ΑΘΗΝΑΙΩΝ",Μερική αναστολή
ΡΑΙΔΕΣΤΟΥ 2,ΑΓΙΑΣ ΒΑΡΒΑΡΑΣ,09-10-2020,2020-10-09,"Redestou 2, Ag. Varvara 123 51, Greece",Τμήμα Β3,37.9951018,23.6629809,Αναστέλλει τη λειτουργία του μόνο το τμήμα Β3,2020-10-01 12:42:19.842691,3ο ΓΥΜΝΑΣΙΟ ΑΓΙΑΣ ΒΑΡΒΑΡΑΣ - ΑΝΤΩΝΗΣ ΣΑΜΑΡΑΚΗΣ,"3ο ΓΥΜΝΑΣΙΟ ΑΓΙΑΣ ΒΑΡΒΑΡΑΣ - ΑΝΤΩΝΗΣ ΣΑΜΑΡΑΚΗΣ,ΡΑΙΔΕΣΤΟΥ 2,ΑΓΙΑΣ ΒΑΡΒΑΡΑΣ",Μερική αναστολή
ΝΙΡΒΑΝΑ 44-46,ΑΘΗΝΑΙΩΝ,06-10-2020,2020-10-06,"Pretenteri 34, Athina 111 45, Greece",,38.0150373,23.7247843,,2020-10-01 12:42:19.842691,65ο ΓΕΝΙΚΟ ΛΥΚΕΙΟ ΑΘΗΝΩΝ,"65ο ΓΕΝΙΚΟ ΛΥΚΕΙΟ ΑΘΗΝΩΝ,ΝΙΡΒΑΝΑ 44-46,ΑΘΗΝΑΙΩΝ",Ολική αναστολή
ΚΑΠΕΤΑΝ ΧΡΟΝΑ 38,ΠΕΡΙΣΤΕΡΙΟΥ,09-10-2020,2020-10-09,"Kapetan Chrona 38, Peristeri 121 35, Greece",,38.0180958,23.678518,,2020-10-01 12:42:19.842691,24ο ΝΗΠΙΑΓΩΓΕΙΟ ΠΕΡΙΣΤΕΡΙΟΥ,"24ο ΝΗΠΙΑΓΩΓΕΙΟ ΠΕΡΙΣΤΕΡΙΟΥ,ΚΑΠΕΤΑΝ ΧΡΟΝΑ 38,ΠΕΡΙΣΤΕΡΙΟΥ",Ολική αναστολή
ΗΡΩΩΝ ΠΟΛΥΤΕΧΝΕΙΟΥ ΚΑΙ ΑΘΑΝΑΣΙΟΥ ΔΙΑΚΟΥ,ΧΑΪΔΑΡΙΟΥ,08-10-2020,2020-10-08,"Athanasiou Diakou 36, Chaidari 124 62, Greece",Τμήμα Στ1,38.0139042,23.650029,Αναστέλλει τη λειτουργία του μόνο το τμήμα ΣΤ1,2020-10-01 12:42:19.842691,8ο ΔΗΜΟΤΙΚΟ ΣΧΟΛΕΙΟ ΧΑΪΔΑΡΙΟΥ,"8ο ΔΗΜΟΤΙΚΟ ΣΧΟΛΕΙΟ ΧΑΪΔΑΡΙΟΥ,ΗΡΩΩΝ ΠΟΛΥΤΕΧΝΕΙΟΥ ΚΑΙ ΑΘΑΝΑΣΙΟΥ ΔΙΑΚΟΥ,ΧΑΪΔΑΡΙΟΥ",Μερική αναστολή
ΣΥΓΚΡΟΤΗΜΑ ΣΧΟΛΙΚΩΝ ΚΤΗΡΙΩΝ,ΚΟΡΥΔΑΛΛΟΥ,13-10-2020,2020-10-13,"Unnamed Road, Koridallos 181 22, Greece",Τμήμα Γ2,37.9833381,23.65072,Αναστέλλει τη λειτουργία του μόνο το τμήμα Γ2,2020-10-01 12:42:19.842691,6ο ΔΗΜΟΤΙΚΟ ΣΧΟΛΕΙΟ ΚΟΡΥΔΑΛΛΟΥ,"6ο ΔΗΜΟΤΙΚΟ ΣΧΟΛΕΙΟ ΚΟΡΥΔΑΛΛΟΥ,ΣΥΓΚΡΟΤΗΜΑ ΣΧΟΛΙΚΩΝ ΚΤΗΡΙΩΝ,ΚΟΡΥΔΑΛΛΟΥ",Μερική αναστολή
ΔΑΒΑΚΗ 6,ΚΕΡΑΤΣΙΝΙΟΥ - ΔΡΑΠΕΤΣΩΝΑΣ,12-10-2020,2020-10-12,"Sintagmatarchou Davaki 6, Keratsini Drapetsona 187 57, Greece","Τμήμα Β2 Έως Και 07-10-2020, Και Το Τμήμα Γ1 Έως Και 12-10-2020",37.9709761,23.6231054,"Αναστέλλει τη λειτουργία του το τμήμα Β2 έως και 07-10-2020, και το τμήμα Γ1 έως και 12-10-2020",2020-10-01 12:42:19.842691,9ο ΔΗΜΟΤΙΚΟ ΣΧΟΛΕΙΟ ΚΕΡΑΤΣΙΝΙΟΥ,"9ο ΔΗΜΟΤΙΚΟ ΣΧΟΛΕΙΟ ΚΕΡΑΤΣΙΝΙΟΥ,ΔΑΒΑΚΗ 6,ΚΕΡΑΤΣΙΝΙΟΥ - ΔΡΑΠΕΤΣΩΝΑΣ",Μερική αναστολή
Γ. ΓΕΝΝΗΜΑΤΑ 34,ΒΥΡΩΝΟΣ,07-10-2020,2020-10-07,"Geor. Gennimata 34, Vironas 162 31, Greece",Τμήματα Β3 Και Β4,37.9609269,23.7588991,Αναστέλλουν τη λειτουργία τους μόνο τα τμήματα Β3 και Β4,2020-10-01 12:42:19.842691,1ο ΓΥΜΝΑΣΙΟ ΒΥΡΩΝΑ,"1ο ΓΥΜΝΑΣΙΟ ΒΥΡΩΝΑ,Γ. ΓΕΝΝΗΜΑΤΑ 34,ΒΥΡΩΝΟΣ",Μερική αναστολή
ΑΜΠΕΛΙΑ,ΚΑΛΑΜΠΑΚΑΣ,13-10-2020,2020-10-13,"Ampelia 422 00, Greece",,39.694592,21.5158066,,2020-09-30 15:10:07.571147,ΔΗΜΟΤΙΚΟ ΣΧΟΛΕΙΟ ΑΜΠΕΛΙΩΝ ΚΑΛΑΜΠΑΚΑΣ,"ΔΗΜΟΤΙΚΟ ΣΧΟΛΕΙΟ ΑΜΠΕΛΙΩΝ ΚΑΛΑΜΠΑΚΑΣ,ΑΜΠΕΛΙΑ,ΚΑΛΑΜΠΑΚΑΣ",Ολική αναστολή
ΕΘΝΙΚΗΣ ΑΝΤΙΣΤΑΣΗΣ 35,ΛΑΡΙΣΑΙΩΝ,13-10-2020,2020-10-13,"69, Eth. Antistasis 35, Larisa 413 35, Greece",Τμήμα Β1,39.6267533,22.4147081,Αναστέλλει τη λειτουργία του μόνο το τμήμα Β1,2020-09-30 15:10:07.571147,16ο ΔΗΜΟΤΙΚΟ ΣΧΟΛΕΙΟ ΛΑΡΙΣΑΣ,"16ο ΔΗΜΟΤΙΚΟ ΣΧΟΛΕΙΟ ΛΑΡΙΣΑΣ,ΕΘΝΙΚΗΣ ΑΝΤΙΣΤΑΣΗΣ 35,ΛΑΡΙΣΑΙΩΝ",Μερική αναστολή
ΚΡΙΕΖΗ 55,ΑΜΑΡΟΥΣΙΟΥ,12-10-2020,2020-10-12,"Kriezi 55, Marousi 151 25, Greece",,38.03328750000001,23.809866,,2020-09-30 15:10:07.571147,8ο ΓΕΝΙΚΟ ΛΥΚΕΙΟ ΑΜΑΡΟΥΣΙΟΥ,"8ο ΓΕΝΙΚΟ ΛΥΚΕΙΟ ΑΜΑΡΟΥΣΙΟΥ,ΚΡΙΕΖΗ 55,ΑΜΑΡΟΥΣΙΟΥ",Ολική αναστολή
ΠΕΡΙΟΧΗ ΧΛΟΗ,ΚΑΣΤΟΡΙΑΣ,06-10-2020,2020-10-06,"Chloi 521 00, Greece",Τμήματα Β1 Και Γ' Οικ Έως 01-10-2020 Και Το Τμήμα Α4 Έως 06-10-2020,40.532345,21.259296,Αναστέλλουν τη λειτουργία τους τα τμήματα Β1 και Γ' ΟΙΚ έως 01-10-2020 και το τμήμα Α4 έως 06-10-2020,2020-09-30 15:10:07.571147,1ο ΓΕΝΙΚΟ ΛΥΚΕΙΟ ΚΑΣΤΟΡΙΑΣ,ΠΕΡΙΟΧΗ ΧΛΟΗ,Μερική αναστολή
ΠΕΤΡΟΥ ΡΑΛΛΗ 182,ΝΙΚΑΙΑΣ - ΑΓΙΟΥ Ι. ΡΕΝΤΗ,08-10-2020,2020-10-08,"Petrou Ralli 182, Nikea Agios Ioannis Rentis 184 54, Greece",Τμήμα Α3,37.9726254,23.658831,Αναστέλλει τη λειτουργία του μόνο το τμήμα Α3,2020-09-30 15:10:07.571147,11ο ΓΥΜΝΑΣΙΟ ΝΙΚΑΙΑΣ - ΓΙΑΝΝΗΣ ΡΙΤΣΟΣ,"11ο ΓΥΜΝΑΣΙΟ ΝΙΚΑΙΑΣ - ΓΙΑΝΝΗΣ ΡΙΤΣΟΣ,ΠΕΤΡΟΥ ΡΑΛΛΗ 182,ΝΙΚΑΙΑΣ - ΑΓΙΟΥ Ι. ΡΕΝΤΗ",Μερική αναστολή
"ΟΔΟΣ 31η, ΑΡΙΘΜΟΣ 8",ΕΛΛΗΝΙΚΟΥ - ΑΡΓΥΡΟΥΠΟΛΗΣ,09-10-2020,2020-10-09,"31i 8, Elliniko 167 77, Greece",Τμήμα Β3,37.891025,23.7436431,Αναστέλλει τη λειτουργία του μόνο το τμήμα Β3,2020-09-30 15:10:07.571147,2ο ΓΥΜΝΑΣΙΟ ΔΙΑΠΟΛΙΤΙΣΜΙΚΗΣ ΕΚΠΑΙΔΕΥΣΗΣ ΕΛΛΗΝΙΚΟΥ,"2ο ΓΥΜΝΑΣΙΟ ΔΙΑΠΟΛΙΤΙΣΜΙΚΗΣ ΕΚΠΑΙΔΕΥΣΗΣ ΕΛΛΗΝΙΚΟΥ,ΟΔΟΣ 31η, ΑΡΙΘΜΟΣ 8,ΕΛΛΗΝΙΚΟΥ - ΑΡΓΥΡΟΥΠΟΛΗΣ",Μερική αναστολή
ΠΛΑΤΕΙΑ ΜΕΡΚΟΥΡΗ,ΚΡΩΠΙΑΣ,12-10-2020,2020-10-12,"Pl. Iatrou Merkouri Kouan, Πλατεία Πτεράρχου Γκιωκα και Καβασαλιωτού, Koropi 194 00, Greece",Τμήμα Γ4,37.9018722,23.8706139,Αναστέλλει τη λειτουργία του μόνο το τμήμα Γ4,2020-09-30 15:10:07.571147,1ο ΓΥΜΝΑΣΙΟ ΚΟΡΩΠΙΟΥ,"1ο ΓΥΜΝΑΣΙΟ ΚΟΡΩΠΙΟΥ,ΠΛΑΤΕΙΑ ΜΕΡΚΟΥΡΗ,ΚΡΩΠΙΑΣ",Μερική αναστολή
ΚΑΡΑΟΛΗ-ΔΗΜΗΤΡΙΟΥ ΚΑΙ ΚΑΡΑΒΑ 62,ΚΟΡΥΔΑΛΛΟΥ,09-10-2020,2020-10-09,"Καραολή Δημητρίου και Καραβά ,Κορυδαλλός 181 22, Koridallos 181 22, Greece",Τμήμα Γ1,37.9893399,23.638185600000003,Αναστέλλει τη λειτουργία του μόνο το τμήμα Γ1,2020-09-30 15:10:07.571147,10ο ΔΗΜΟΤΙΚΟ ΣΧΟΛΕΙΟ ΚΟΡΥΔΑΛΛΟΥ,"10ο ΔΗΜΟΤΙΚΟ ΣΧΟΛΕΙΟ ΚΟΡΥΔΑΛΛΟΥ,ΚΑΡΑΟΛΗ-ΔΗΜΗΤΡΙΟΥ ΚΑΙ ΚΑΡΑΒΑ 62,ΚΟΡΥΔΑΛΛΟΥ",Μερική αναστολή
ΑΘ. ΔΙΑΚΟΥ 27,ΝΕΑΠΟΛΗΣ-ΣΥΚΕΩΝ,08-10-2020,2020-10-08,"Athanasiou Diakou 27, Neapoli 567 27, Greece",Στ' Ταξη,40.6558649,22.9379785,ΑΝΑΣΤΟΛΗ ΛΕΙΤΟΥΡΓΙΑΣ ΣΤ' ΤΑΞΗΣ,2020-09-30 15:10:07.571147,5ο ΔΗΜΟΤΙΚΟ ΣΧΟΛΕΙΟ ΝΕΑΠΟΛΗΣ,"5ο ΔΗΜΟΤΙΚΟ ΣΧΟΛΕΙΟ ΝΕΑΠΟΛΗΣ,ΑΘ. ΔΙΑΚΟΥ 27,ΝΕΑΠΟΛΗΣ-ΣΥΚΕΩΝ",Μερική αναστολή
ΠΕΡΓΑΜΟΥ ΚΑΙ ΜΙΑΟΥΛΗ,ΑΙΓΑΛΕΩ,11-10-2020,2020-10-11,"Μιαούλη και Περγάμου, Egaleo 122 42, Greece",Τμήματα Ε1 Και Δ2,37.9965287,23.685197100000003,Αναστέλλουν τη λειτουργία τους μόνο τα τμήματα Ε1 και Δ2,2020-09-30 15:10:07.571147,1ο ΔΗΜΟΤΙΚΟ ΣΧΟΛΕΙΟ ΑΙΓΑΛΕΩ,"1ο ΔΗΜΟΤΙΚΟ ΣΧΟΛΕΙΟ ΑΙΓΑΛΕΩ,ΠΕΡΓΑΜΟΥ ΚΑΙ ΜΙΑΟΥΛΗ,ΑΙΓΑΛΕΩ",Μερική αναστολή
ΠΛΑΤΕΙΑ ΗΡΩΟΥ 1,ΠΟΛΥΓΥΡΟΥ,12-10-2020,2020-10-12,"Pl. Iroon 1, Vari 166 72, Greece",Τμήμα Γ2,40.3804176,23.4390027,Αναστέλλει τη λειτουργία του μόνο το τμήμα Γ2,2020-09-30 15:10:07.571147,1ο ΓΥΜΝΑΣΙΟ ΠΟΛΥΓΥΡΟΥ ΧΑΛΚΙΔΙΚΗΣ,"1ο ΓΥΜΝΑΣΙΟ ΠΟΛΥΓΥΡΟΥ ΧΑΛΚΙΔΙΚΗΣ,ΠΛΑΤΕΙΑ ΗΡΩΟΥ 1,ΠΟΛΥΓΥΡΟΥ",Μερική αναστολή
ΑΓΙΑΣ ΜΑΡΙΝΑΣ,ΜΑΡΑΘΩΝΟΣ,12-10-2020,2020-10-12,"Agias Marinas 6, Nea Makri 190 05, Greece",Τμήματα Ε1 Και Ε2,38.061469,23.98313030000001,Αναστέλλουν τη λειτουργία τους μόνο τα τμήματα Ε1 και Ε2,2020-09-30 15:10:07.571147,ΔΗΜΟΤΙΚΟ ΣΧΟΛΕΙΟ ΑΓΙΑΣ ΜΑΡΙΝΑΣ ΝΕΑΣ ΜΑΚΡΗΣ,"ΔΗΜΟΤΙΚΟ ΣΧΟΛΕΙΟ ΑΓΙΑΣ ΜΑΡΙΝΑΣ ΝΕΑΣ ΜΑΚΡΗΣ,ΑΓΙΑΣ ΜΑΡΙΝΑΣ,ΜΑΡΑΘΩΝΟΣ",Μερική αναστολή
ΜΟΣΧΟΝΗΣΙΩΝ 23,ΑΙΓΑΛΕΩ,08-10-2020,2020-10-08,"Moschonision 23-39, Egaleo 122 42, Greece",Τμήματα Α3 Και Α2,37.99426,23.680295,Αναστέλλουν τη λειτουργία τους μόνο τα τμήματα Α3 και Α2,2020-09-29 16:47:27.638902,1ο ΓΥΜΝΑΣΙΟ ΑΙΓΑΛΕΩ,"1ο ΓΥΜΝΑΣΙΟ ΑΙΓΑΛΕΩ,ΜΟΣΧΟΝΗΣΙΩΝ 23,ΑΙΓΑΛΕΩ",Μερική αναστολή
ΑΓΙΟΥ ΜΥΡΩΝΟΣ  9,ΠΕΡΙΣΤΕΡΙΟΥ,07-10-2020,2020-10-07,"Agiou Mironos 9, Peristeri 121 35, Greece",Στ' Ταξη,38.023545399999996,23.6913037,ΑΝΑΣΤΟΛΗ ΛΕΙΤΟΥΡΓΙΑΣ ΣΤ' ΤΑΞΗΣ,2020-09-29 16:47:27.638902,38ο ΔΗΜΟΤΙΚΟ ΣΧΟΛΕΙΟ ΠΕΡΙΣΤΕΡΙΟΥ,"38ο ΔΗΜΟΤΙΚΟ ΣΧΟΛΕΙΟ ΠΕΡΙΣΤΕΡΙΟΥ,ΑΓΙΟΥ ΜΥΡΩΝΟΣ  9,ΠΕΡΙΣΤΕΡΙΟΥ",Μερική αναστολή
ΚΑΝΤΖΑ,ΡΑΦΗΝΑΣ - ΠΙΚΕΡΜΙΟΥ,10-10-2020,2020-10-10,"Kantza, Leontario 153 51, Greece","Τμήματα 1Β (Α Ταξη), 1Γ (Α Ταξη), 2Ε (Β Ταξη) & 2Στ (Αγγλικα- Extended Program) (Β Ταξη)",37.9823619,23.8567982,"Αναστέλλουν τη λειτουργία τους τα τμήματα 1Β (Α ΤΑΞΗΣ), 1Γ (Α ΤΑΞΗΣ), 2Ε (Β ΤΑΞΗΣ) & 2ΣΤ (ΑΓΓΛΙΚΑ- EXTENDED PROGRAM) (Β ΤΑΞΗΣ)",2020-09-29 16:47:27.638902,ΙΔΙΩΤΙΚΟ ΙΣΟΤΙΜΟ ΔΗΜΟΤΙΚΟ - ΚΟΛΛΕΓΙΟ ΑΘΗΝΩΝ,"ΙΔΙΩΤΙΚΟ ΙΣΟΤΙΜΟ ΔΗΜΟΤΙΚΟ - ΚΟΛΛΕΓΙΟ ΑΘΗΝΩΝ,ΚΑΝΤΖΑ,ΡΑΦΗΝΑΣ - ΠΙΚΕΡΜΙΟΥ",Μερική αναστολή
ΔΙΟΜ.ΚΟΜΝΗΝΟΥ ΚΑΙ ΡΑΙΔΕΣΤΟΥ,ΑΓΙΑΣ ΒΑΡΒΑΡΑΣ,07-10-2020,2020-10-07,"Redestou 2, Ag. Varvara 123 51, Greece",Τμήμα Α1,37.9956533,23.6626749,Αναστέλλει τη λειτουργία του μόνο το τμήμα Α1,2020-09-29 16:47:27.638902,2ο ΓΥΜΝΑΣΙΟ ΑΓΙΑΣ ΒΑΡΒΑΡΑΣ,"2ο ΓΥΜΝΑΣΙΟ ΑΓΙΑΣ ΒΑΡΒΑΡΑΣ,ΔΙΟΜ.ΚΟΜΝΗΝΟΥ ΚΑΙ ΡΑΙΔΕΣΤΟΥ,ΑΓΙΑΣ ΒΑΡΒΑΡΑΣ",Μερική αναστολή
ΑΧΙΛΛΕΩΣ 37-41,ΑΘΗΝΑΙΩΝ,30-09-2020,2020-09-30,"104 36, Achilleos 41, Athina 104 36, Greece","Τμήματα Β5 Και Β Υγειας-2, Καθώς Και Β4 Και Β Υγειας-1",37.984466,23.7182027,"Αναστέλλουν τη λειτουργία τους τα τμήματα Β5 και Β ΥΓΕΙΑΣ-2, καθώς και Β4 και Β ΥΓΕΙΑΣ-1",2020-09-29 16:47:27.638902,1ο ΕΠΑΛ ΑΘΗΝΩΝ,"1ο ΕΠΑΛ ΑΘΗΝΩΝ,ΑΧΙΛΛΕΩΣ 37-41,ΑΘΗΝΑΙΩΝ",Επαναλειτουργία
ΚΥΠΡΟΥ ΚΑΙ ΑΝΘΗΡΟΥ,ΠΑΙΑΝΙΑΣ,11-10-2020,2020-10-11,"Anthirou, Peania 190 02, Greece",Τμήμα Στ3 Έως Και 07-10-2020 Και Το Τμήμα Στ2 Έως Και 11-10-2020,37.956084600000004,23.8457078,Αναστέλλει τη λειτουργία του το τμήμα ΣΤ3 έως και 07-10-2020 και το τμήμα ΣΤ2 έως και 11-10-2020,2020-09-29 16:47:27.638902,2ο ΔΗΜΟΤΙΚΟ ΣΧΟΛΕΙΟ ΠΑΙΑΝΙΑΣ,"2ο ΔΗΜΟΤΙΚΟ ΣΧΟΛΕΙΟ ΠΑΙΑΝΙΑΣ,ΚΥΠΡΟΥ ΚΑΙ ΑΝΘΗΡΟΥ,ΠΑΙΑΝΙΑΣ",Μερική αναστολή
ΔΗΜΟΚΡΙΤΟΥ 6 & ΓΕΡΜΑΝΙΚΗΣ ΣΧΟΛΗΣ ΑΘΗΝΩΝ,ΑΜΑΡΟΥΣΙΟΥ,09-10-2020,2020-10-09,"Dimokritou 6 & Germanikis Scholis Athinon, Marousi 151 23, Greece",Τμήμα 9Β,38.036749,23.794147,Αναστέλλει τη λειτουργία του μόνο το τμήμα 9Β,2020-09-29 16:47:27.638902,ΙΔΙΩΤΙΚΟ ΓΥΜΝΑΣΙΟ ΜΑΡΟΥΣΙ - ΓΕΡΜΑΝΙΚΗ ΣΧΟΛΗ ΑΘΗΝΩΝ,"ΔΗΜΟΚΡΙΤΟΥ 6 & ΓΕΡΜΑΝΙΚΗΣ ΣΧΟΛΗΣ ΑΘΗΝΩΝ,ΑΜΑΡΟΥΣΙΟΥ",Μερική αναστολή
Ελαιώνων και Κάτω Βίγλας,ΠΑΛΛΗΝΗΣ,12-10-2020,2020-10-12,"Kato Viglas, Παλλήνη-Αττικής 153 51, Greece","Τμήματα Α5, Α Αγγλικών Και Α Γερμανικών",38.013093,23.893554,"Αναστέλλουν τη λειτουργία τους τα τμήματα Α5, Α Αγγλικών και Α Γερμανικών",2020-09-29 16:47:27.638902,ΕΚΠΑΙΔΕΥΤΗΡΙΑ ΚΩΣΤΕΑ-ΓΕΙΤΟΝΑ / CGS,"ΕΚΠΑΙΔΕΥΤΗΡΙΑ ΚΩΣΤΕΑ-ΓΕΙΤΟΝΑ / CGS,Ελαιώνων και Κάτω Βίγλας,ΠΑΛΛΗΝΗΣ",Μερική αναστολή
ΜΑΒΙΛΗ 8,ΚΟΡΔΕΛΙΟΥ-ΕΥΟΣΜΟΥ,08-10-2020,2020-10-08,"Mazaraki 17, Evosmos 562 24, Greece","Τμήματα 1, 2 Και 3",40.6650666,22.92582,"Αναστέλλουν τη λειτουργία τους τα τμήματα 1, 2 και 3",2020-09-29 16:47:27.638902,28ο ΝΗΠΙΑΓΩΓΕΙΟ ΕΥΟΣΜΟΥ,"28ο ΝΗΠΙΑΓΩΓΕΙΟ ΕΥΟΣΜΟΥ,ΜΑΒΙΛΗ 8,ΚΟΡΔΕΛΙΟΥ-ΕΥΟΣΜΟΥ",Μερική αναστολή
ΠΑΛΑΙΟΛΟΓΟΥ ΚΑΙ ΒΟΣΠΟΡΟΥ,ΚΕΡΑΤΣΙΝΙΟΥ - ΔΡΑΠΕΤΣΩΝΑΣ,10-10-2020,2020-10-10,"Vosporou, Keratsini 187 55, Greece",Τμήμα Στ2 Έως 10-10-2020,37.952504499999996,23.6138044,Αναστέλλει τη λειτουργία του μόνο το τμήμα ΣΤ2 έως 10-10-2020,2020-09-29 16:47:27.638902,13ο ΔΗΜΟΤΙΚΟ ΣΧΟΛΕΙΟ ΚΕΡΑΤΣΙΝΙΟΥ,"13ο ΔΗΜΟΤΙΚΟ ΣΧΟΛΕΙΟ ΚΕΡΑΤΣΙΝΙΟΥ,ΠΑΛΑΙΟΛΟΓΟΥ ΚΑΙ ΒΟΣΠΟΡΟΥ,ΚΕΡΑΤΣΙΝΙΟΥ - ΔΡΑΠΕΤΣΩΝΑΣ",Μερική αναστολή
Ιάσονος 52 - 56,ΒΑΡΗΣ - ΒΟΥΛΑΣ - ΒΟΥΛΙΑΓΜΕΝΗΣ,09-10-2020,2020-10-09,"Iasonos 56, Vouliagmeni 166 71, Greece",Γ' Ταξη,37.8167996,23.781501100000003,"ΑΝΑΣΤΟΛΗ ΛΕΙΤΟΥΡΓΙΑΣ Α', Β' και Γ' ΤΑΞΗΣ",2020-09-29 16:47:27.638902,ΓΥΜΝΑΣΙΟ ΒΟΥΛΙΑΓΜΕΝΗΣ,"ΓΥΜΝΑΣΙΟ ΒΟΥΛΙΑΓΜΕΝΗΣ,Ιάσονος 52 - 56,ΒΑΡΗΣ - ΒΟΥΛΑΣ - ΒΟΥΛΙΑΓΜΕΝΗΣ",Μερική αναστολή
ΕΘΝΙΚΗΣ ΑΝΤΙΣΤΑΣΕΩΣ 101,ΠΕΡΙΣΤΕΡΙΟΥ,07-10-2020,2020-10-07,"Peristeri 121 35, Greece",Τμήματα Β1 Και Στ1,38.0146205,23.6853151,Αναστέλλουν τη λειτουργία τους μόνο τα τμήματα Β1 και ΣΤ1,2020-09-29 16:47:27.638902,22ο ΔΗΜΟΤΙΚΟ ΣΧΟΛΕΙΟ ΠΕΡΙΣΤΕΡΙΟΥ,"22ο ΔΗΜΟΤΙΚΟ ΣΧΟΛΕΙΟ ΠΕΡΙΣΤΕΡΙΟΥ,ΕΘΝΙΚΗΣ ΑΝΤΙΣΤΑΣΕΩΣ 101,ΠΕΡΙΣΤΕΡΙΟΥ",Μερική αναστολή
ΠΕΤΡΟΥΠΟΛΕΩΣ 76,ΙΛΙΟΥ (ΝΕΩΝ ΛΙΟΣΙΩΝ),08-10-2020,2020-10-08,"Leoforos Petroupoleos 76, Ilion 131 23, Greece",Τμήμα Β2,38.034778700000004,23.6954854,Αναστέλλει τη λειτουργία του μόνο το τμήμα Β2,2020-09-29 16:47:27.638902,9ο ΔΗΜΟΤΙΚΟ ΣΧΟΛΕΙΟ ΙΛΙΟΥ,"9ο ΔΗΜΟΤΙΚΟ ΣΧΟΛΕΙΟ ΙΛΙΟΥ,ΠΕΤΡΟΥΠΟΛΕΩΣ 76,ΙΛΙΟΥ (ΝΕΩΝ ΛΙΟΣΙΩΝ)",Μερική αναστολή
ΦΡΑΓΚΙΑΔΩΝ 109,ΠΕΙΡΑΙΩΣ,06-10-2020,2020-10-06,"Fragkiadon 109, Pireas 185 37, Greece",Πρωινό Τμήμα 2,37.9306463,23.6407811,Αναστέλλει τη λειτουργία του μόνο το πρωινό τμήμα 2,2020-09-29 16:47:27.638902,20ο ΝΗΠΙΑΓΩΓΕΙΟ ΠΕΙΡΑΙΑ,"20ο ΝΗΠΙΑΓΩΓΕΙΟ ΠΕΙΡΑΙΑ,ΦΡΑΓΚΙΑΔΩΝ 109,ΠΕΙΡΑΙΩΣ",Μερική αναστολή
ΚΟΛΟΚΟΤΡΩΝΗ 101,ΚΡΩΠΙΑΣ,07-10-2020,2020-10-07,"Kolokotroni 101, Koropi 194 00, Greece",Τμήμα A4 Έως Και 02-10-2020 Και Το Τμήμα A3 Έως Και 07-10-2020,37.8957435,23.8697572,Αναστέλλει τη λειτουργία του το τμήμα A4 έως και 02-10-2020 και το τμήμα A3 έως και 07-10-2020,2020-09-29 16:47:27.638902,1ο ΕΠΑΛ ΚΟΡΩΠΙΟΥ,"1ο ΕΠΑΛ ΚΟΡΩΠΙΟΥ,ΚΟΛΟΚΟΤΡΩΝΗ 101,ΚΡΩΠΙΑΣ",Μερική αναστολή
ΡΑΦΗΝΑΣ - ΠΙΚΕΡΜΙΟΥ,ΡΑΦΗΝΑΣ - ΠΙΚΕΡΜΙΟΥ,11-10-2020,2020-10-11,"Προέκταση, El. Venizelou 3, Glika Nera 153 54, Greece",Τμήμα Β2,38.0052698,23.84949880000001,Αναστέλλει τη λειτουργία του μόνο το τμήμα Β2,2020-09-29 16:47:27.638902,"ΙΔΙΩΤΙΚΟ ΔΗΜΟΤΙΚΟ - ΕΚΠΑΙΔΕΥΤΗΡΙΑ ""Ο ΠΛΑΤΩΝ""","ΙΔΙΩΤΙΚΟ ΔΗΜΟΤΙΚΟ - ΕΚΠΑΙΔΕΥΤΗΡΙΑ ""Ο ΠΛΑΤΩΝ"",ΡΑΦΗΝΑΣ - ΠΙΚΕΡΜΙΟΥ,ΡΑΦΗΝΑΣ - ΠΙΚΕΡΜΙΟΥ",Μερική αναστολή
Γ.ΚΑΤΣΙΜΙΧΑ,ΠΑΙΑΝΙΑΣ,11-10-2020,2020-10-11,"37°57'40.3""N 23°50'42.1""E, Peania 190 02, Greece",Τμήμα Ε1,37.961188,23.84504,Αναστέλλει τη λειτουργία του μόνο το τμήμα Ε1,2020-09-29 16:47:27.638902,1ο ΔΗΜΟΤΙΚΟ ΣΧΟΛΕΙΟ ΠΑΙΑΝΙΑΣ,"1ο ΔΗΜΟΤΙΚΟ ΣΧΟΛΕΙΟ ΠΑΙΑΝΙΑΣ,Γ.ΚΑΤΣΙΜΙΧΑ,ΠΑΙΑΝΙΑΣ",Μερική αναστολή
ΝΕΑ ΕΦΕΣΟΣ,ΔΙΟΥ-ΟΛΥΜΠΟΥ,08-10-2020,2020-10-08,"Epar.Od. Katerinis - Limena Litochoriou, Nea Efesos 601 00, Greece",Α' Ταξη,40.23036159999999,22.497084100000002,ΑΝΑΣΤΟΛΗ ΛΕΙΤΟΥΡΓΙΑΣ Α' ΤΑΞΗΣ,2020-09-29 16:47:27.638902,ΔΗΜΟΤΙΚΟ ΣΧΟΛΕΙΟ ΝΕΑΣ ΕΦΕΣΟΥ,"ΔΗΜΟΤΙΚΟ ΣΧΟΛΕΙΟ ΝΕΑΣ ΕΦΕΣΟΥ,ΝΕΑ ΕΦΕΣΟΣ,ΔΙΟΥ-ΟΛΥΜΠΟΥ",Μερική αναστολή
ΝΑΟΥΣΑ ΠΑΡΟΥ,ΠΑΡΟΥ,04-10-2020,2020-10-04,"Naousa 844 01, Greece",Τμήμα Δ3,37.11868070000001,25.236447000000002,Αναστέλλει τη λειτουργία του μόνο το τμήμα Δ3,2020-09-29 16:47:27.638902,ΔΗΜΟΤΙΚΟ ΣΧΟΛΕΙΟ ΝΑΟΥΣΑΣ ΠΑΡΟΥ,"ΔΗΜΟΤΙΚΟ ΣΧΟΛΕΙΟ ΝΑΟΥΣΑΣ ΠΑΡΟΥ,ΝΑΟΥΣΑ ΠΑΡΟΥ,ΠΑΡΟΥ",Επαναλειτουργία
ΣΤΕΡΝΙΖΕΣ ΚΟΡΩΠΙΟΥ,ΚΟΡΩΠΙ,09-10-2020,2020-10-09,"Vellas, Koropi 194 00, Greece","Τμήματα Α1, Α2, Α3, Και Α4",37.8709846,23.8264216,"Αναστέλλουν τη λειτουργία τους μόνο τα τμήματα Α1, Α2, Α3, και Α4",2020-09-29 16:47:27.638902,ΙΔΙΩΤΙΚΟ ΓΕΝΙΚΟ ΛΥΚΕΙΟ ΕΚΠΑΙΔΕΥΤΗΡΙΑ ΓΕΙΤΟΝΑ ΑΕΜΕ,"ΙΔΙΩΤΙΚΟ ΓΕΝΙΚΟ ΛΥΚΕΙΟ ΕΚΠΑΙΔΕΥΤΗΡΙΑ ΓΕΙΤΟΝΑ ΑΕΜΕ,ΣΤΕΡΝΙΖΕΣ ΚΟΡΩΠΙΟΥ,ΚΟΡΩΠΙ",Μερική αναστολή
ΜΑΡΜΑΡΑ 7-9,ΔΙΟΝΥΣΟΥ,11-10-2020,2020-10-11,"Marmara 7 - 9, Stamata 145 75, Greece",Τμήματα Α3 Και Αε2 Αγγλικών,38.13526760000001,23.8787502,Αναστέλλουν τη λειτουργία τους μόνο τα τμήματα Α3 και ΑΕ2 Αγγλικών,2020-09-29 16:47:27.638902,ΙΔΙΩΤΙΚΟ ΓΥΜΝΑΣΙΟ ΩΘΗΣΗ,"ΙΔΙΩΤΙΚΟ ΓΥΜΝΑΣΙΟ ΩΘΗΣΗ,ΜΑΡΜΑΡΑ 7-9,ΔΙΟΝΥΣΟΥ",Μερική αναστολή
ΜΟΜΦΕΡΑΤΟΥ 94,ΑΘΗΝΑΙΩΝ,05-10-2020,2020-10-05,"Momferatou 100, Athina 114 74, Greece",Β' Ταξη,37.9906271,23.747773000000002,ΑΝΑΣΤΟΛΗ ΛΕΙΤΟΥΡΓΙΑΣ Β' ΤΑΞΗΣ,2020-09-29 16:47:27.638902,135ο ΔΗΜΟΤΙΚΟ ΣΧΟΛΕΙΟ ΑΘΗΝΩΝ,"135ο ΔΗΜΟΤΙΚΟ ΣΧΟΛΕΙΟ ΑΘΗΝΩΝ,ΜΟΜΦΕΡΑΤΟΥ 94,ΑΘΗΝΑΙΩΝ",Μερική αναστολή
Βασιλείου Μελά 1,ΙΩΑΝΝΙΤΩΝ,07-10-2020,2020-10-07,"Eth. Antistasis 142, Katsikas 452 21, Greece",Τμήματα Γ1 Και Ε2,39.623424299999996,20.887580800000002,Αναστέλλουν τη λειτουργία τους μόνο τα τμήματα Γ1 και Ε2,2020-09-29 16:47:27.638902,ΔΗΜΟΤΙΚΟ ΣΧΟΛΕΙΟ ΚΑΤΣΙΚΑ,"ΔΗΜΟΤΙΚΟ ΣΧΟΛΕΙΟ ΚΑΤΣΙΚΑ,Βασιλείου Μελά 1,ΙΩΑΝΝΙΤΩΝ",Μερική αναστολή
ΚΟΡΑΗ 20,ΝΕΑΣ ΣΜΥΡΝΗΣ,08-10-2020,2020-10-08,"Korai 22, Nea Smirni 171 22, Greece",Τμήμα Ε2,37.9428189,23.7112145,Αναστέλλει τη λειτουργία του μόνο το τμήμα Ε2,2020-09-29 16:47:27.638902,1ο ΔΗΜΟΤΙΚΟ ΣΧΟΛΕΙΟ ΝΕΑΣ ΣΜΥΡΝΗΣ,"1ο ΔΗΜΟΤΙΚΟ ΣΧΟΛΕΙΟ ΝΕΑΣ ΣΜΥΡΝΗΣ,ΚΟΡΑΗ 20,ΝΕΑΣ ΣΜΥΡΝΗΣ",Μερική αναστολή
ΑΙΜΟΝΟΣ 44,ΑΘΗΝΑΙΩΝ,11-10-2020,2020-10-11,"Emonos 44, Athina 104 42, Greece",Τμήμα Α2,37.9942111,23.7102503,Αναστέλλει τη λειτουργία του μόνο το τμήμα Α2,2020-09-29 16:47:27.638902,ΙΔΙΩΤΙΚΟ ΔΗΜΟΤΙΚΟ ΣΧΟΛΕΙΟ - Μαγκλάρας Σωτήριος - ΛΑΚΩΝΙΚΗ ΣΧΟΛΗ,"ΙΔΙΩΤΙΚΟ ΔΗΜΟΤΙΚΟ ΣΧΟΛΕΙΟ - Μαγκλάρας Σωτήριος - ΛΑΚΩΝΙΚΗ ΣΧΟΛΗ,ΑΙΜΟΝΟΣ 44,ΑΘΗΝΑΙΩΝ",Μερική αναστολή
ΠΛΑΤ.ΑΡΧΙΕΠΙΣΚΟΠΟΥ ΣΠΥΡΙΔΩΝΟΣ,ΙΩΑΝΝΙΤΩΝ,05-10-2020,2020-10-05,"Elis. Kastrisoia 26, Ioannina 454 44, Greece",Τμήματα Β5 Γενικής Παιδείας Και Β4 Θετικών Σπουδών,39.6713488,20.8466402,Αναστέλλουν τη λειτουργία τους μόνο τα τμήματα Β5 Γενικής Παιδείας και Β4 Θετικών Σπουδών,2020-09-29 16:47:27.638902,ΠΡΟΤΥΠΟ ΛΥΚΕΙΟ ΖΩΣΙΜΑΙΑΣ ΣΧΟΛΗΣ ΙΩΑΝΝΙΝΩΝ,"ΠΡΟΤΥΠΟ ΛΥΚΕΙΟ ΖΩΣΙΜΑΙΑΣ ΣΧΟΛΗΣ ΙΩΑΝΝΙΝΩΝ,ΠΛΑΤ.ΑΡΧΙΕΠΙΣΚΟΠΟΥ ΣΠΥΡΙΔΩΝΟΣ,ΙΩΑΝΝΙΤΩΝ",Μερική αναστολή
ΗΓΟΥΜ. ΜΑΚΡΥΓΙΑΝΝΗ 4,ΠΕΝΤΕΛΗΣ,11-10-2020,2020-10-11,"Igoumenou Makrigianni, Penteli 152 36, Greece",Τμήμα Α1,38.049096899999995,23.868509500000002,Αναστέλλει τη λειτουργία του μόνο το τμήμα Α1,2020-09-29 16:47:27.638902,1ο ΔΗΜΟΤΙΚΟ ΣΧΟΛΕΙΟ ΠΕΝΤΕΛΗΣ - ΚΡΥΣΤΑΛΛΕΙΟ,"1ο ΔΗΜΟΤΙΚΟ ΣΧΟΛΕΙΟ ΠΕΝΤΕΛΗΣ - ΚΡΥΣΤΑΛΛΕΙΟ,ΗΓΟΥΜ. ΜΑΚΡΥΓΙΑΝΝΗ 4,ΠΕΝΤΕΛΗΣ",Μερική αναστολή
ΚΩΝΣΤΑΝΤΙΝΟΥ ΑΝΔΡΙΚΟΥ  26,ΠΑΙΑΝΙΑΣ,11-10-2020,2020-10-11,"Thessalias, Glika Nera 153 54, Greece",Τμήμα 2,37.9850137,23.844616000000002,Αναστέλλει τη λειτουργία του μόνο το τμήμα 2,2020-09-29 16:47:27.638902,3ο ΝΗΠΙΑΓΩΓΕΙΟ ΓΛΥΚΩΝ ΝΕΡΩΝ,"3ο ΝΗΠΙΑΓΩΓΕΙΟ ΓΛΥΚΩΝ ΝΕΡΩΝ,ΚΩΝΣΤΑΝΤΙΝΟΥ ΑΝΔΡΙΚΟΥ  26,ΠΑΙΑΝΙΑΣ",Μερική αναστολή
Ν. ΜΙΛΗΣΗ 3  ΠΑΛΛΗΝΗ ΑΤΤΙΚΗΣ,ΠΑΛΛΗΝΗΣ,11-10-2020,2020-10-11,"Milisi 3, Pallini 153 51, Greece",Τμήμα Β1 Προνηπίου,37.999823,23.865959,Αναστέλλει τη λειτουργία του μόνο το τμήμα Β1 Προνηπίου,2020-09-29 16:47:27.638902,ΙΔΙΩΤΙΚΟ ΝΗΠΙΑΓΩΓΕΙΟ ΣΧΟΛΗΣ Ι. Μ. ΠΑΝΑΓΙΩΤΟΠΟΥΛΟΥ,"ΙΔΙΩΤΙΚΟ ΝΗΠΙΑΓΩΓΕΙΟ ΣΧΟΛΗΣ Ι. Μ. ΠΑΝΑΓΙΩΤΟΠΟΥΛΟΥ,Ν. ΜΙΛΗΣΗ 3  ΠΑΛΛΗΝΗ ΑΤΤΙΚΗΣ,ΠΑΛΛΗΝΗΣ",Μερική αναστολή
ΝΥΜΦΩΝ-ΦΙΛΥΡΑΣ,ΙΩΑΝΝΙΤΩΝ,08-10-2020,2020-10-08,"Niriidon 13, Anatoli 452 21, Greece",Τμήμα Α2,39.6419122,20.867498899999998,Αναστέλλει τη λειτουργία του μόνο το τμήμα Α2,2020-09-29 16:47:27.638902,3ο ΔΗΜΟΤΙΚΟ ΣΧΟΛΕΙΟ ΑΝΑΤΟΛΗΣ,"3ο ΔΗΜΟΤΙΚΟ ΣΧΟΛΕΙΟ ΑΝΑΤΟΛΗΣ,ΝΥΜΦΩΝ-ΦΙΛΥΡΑΣ,ΙΩΑΝΝΙΤΩΝ",Μερική αναστολή
ΑΓΙΟΥ ΦΑΝΟΥΡΙΟΥ 10,ΚΕΡΑΤΣΙΝΙΟΥ - ΔΡΑΠΕΤΣΩΝΑΣ,07-10-2020,2020-10-07,"Agiou Fanouriou 10, Drapetsona 186 48, Greece",Τμήμα Α1,37.9471544,23.6312677,Αναστέλλει τη λειτουργία του μόνο το τμήμα Α1,2020-09-29 16:47:27.638902,2ο ΓΥΜΝΑΣΙΟ ΔΡΑΠΕΤΣΩΝΑΣ,"2ο ΓΥΜΝΑΣΙΟ ΔΡΑΠΕΤΣΩΝΑΣ,ΑΓΙΟΥ ΦΑΝΟΥΡΙΟΥ 10,ΚΕΡΑΤΣΙΝΙΟΥ - ΔΡΑΠΕΤΣΩΝΑΣ",Μερική αναστολή
ΦΕΡΤΕΚΙΟΥ  1,ΝΕΑΣ ΙΩΝΙΑΣ,09-10-2020,2020-10-09,"Kritis 77, Nea Ionia 142 31, Greece",Τμήμα Α2,38.0416524,23.75078,Αναστέλλει τη λειτουργία του μόνο το τμήμα Α2,2020-09-29 16:47:27.638902,15ο ΔΗΜΟΤΙΚΟ ΣΧΟΛΕΙΟ ΝΕΑΣ ΙΩΝΙΑΣ,"15ο ΔΗΜΟΤΙΚΟ ΣΧΟΛΕΙΟ ΝΕΑΣ ΙΩΝΙΑΣ,ΦΕΡΤΕΚΙΟΥ  1,ΝΕΑΣ ΙΩΝΙΑΣ",Μερική αναστολή
ΟΙΚΙΣΜΟΣ ΠΥΡΓΟΣ ΤΡΙΚΑΛΑ,ΤΡΙΚΚΑΙΩΝ,05-10-2020,2020-10-05,"Trikala 421 00, Greece",,39.5557317,21.7678951,,2020-09-29 16:47:27.638902,ΕΝΙΑΙΟ ΕΙΔΙΚΟ ΕΠΑΓΓΕΛΜΑΤΙΚΟ ΓΥΜΝΑΣΙΟ-ΛΥΚΕΙΟ ΤΡΙΚΑΛΩΝ,"ΕΝΙΑΙΟ ΕΙΔΙΚΟ ΕΠΑΓΓΕΛΜΑΤΙΚΟ ΓΥΜΝΑΣΙΟ-ΛΥΚΕΙΟ ΤΡΙΚΑΛΩΝ,ΟΙΚΙΣΜΟΣ ΠΥΡΓΟΣ ΤΡΙΚΑΛΑ,ΤΡΙΚΚΑΙΩΝ",Ολική αναστολή
ΣΩΚΡΑΤΟΥΣ 65,ΧΑΪΔΑΡΙΟΥ,11-10-2020,2020-10-11,"Haidari 124 62, Greece",Τμήμα Α1,38.0177817,23.651111,Αναστέλλει τη λειτουργία του μόνο το τμήμα Α1,2020-09-29 16:47:27.638902,ΙΔΙΩΤΙΚΟ ΓΕΝΙΚΟ ΛΥΚΕΙΟ ΧΑΪΔΑΡΙΟΥ - ΙΔΙΩΤΙΚΑ ΕΚΠΑΙΔΕΥΤΗΡΙΑ ΠΟΛΥΤΡΟΠΗ ΑΡΜΟΝΙΑ,"ΙΔΙΩΤΙΚΟ ΓΕΝΙΚΟ ΛΥΚΕΙΟ ΧΑΪΔΑΡΙΟΥ - ΙΔΙΩΤΙΚΑ ΕΚΠΑΙΔΕΥΤΗΡΙΑ ΠΟΛΥΤΡΟΠΗ ΑΡΜΟΝΙΑ,ΣΩΚΡΑΤΟΥΣ 65,ΧΑΪΔΑΡΙΟΥ",Μερική αναστολή
ΚΡΙΕΖΗ 55,ΑΜΑΡΟΥΣΙΟΥ,10-10-2020,2020-10-10,"Kriezi 55, Marousi 151 25, Greece",Γ' Ταξη Θετικη Κατευθυνση,38.03328750000001,23.809866,ΑΝΑΣΤΟΛΗ ΛΕΙΤΟΥΡΓΙΑΣ Γ' ΤΑΞΗΣ ΘΕΤΙΚΗ ΚΑΤΕΥΘΥΝΣΗ,2020-09-29 16:47:27.638902,8ο ΓΕΝΙΚΟ ΛΥΚΕΙΟ ΑΜΑΡΟΥΣΙΟΥ,"8ο ΓΕΝΙΚΟ ΛΥΚΕΙΟ ΑΜΑΡΟΥΣΙΟΥ,ΚΡΙΕΖΗ 55,ΑΜΑΡΟΥΣΙΟΥ",Μερική αναστολή
"Στεφάνου Δέλτα 15,",ΦΙΛΟΘΕΗΣ - ΨΥΧΙΚΟΥ,10-10-2020,2020-10-10,"Stefanou Delta 15, Psichiko 154 52, Greece",Τμήμα Ib-1,38.018795000000004,23.7808113,Αναστέλλει τη λειτουργία του μόνο το τμήμα IB-1,2020-09-29 16:47:27.638902,ΙΔΙΩΤΙΚΟ ΓΕΝΙΚΟ ΛΥΚΕΙΟ - ΚΟΛΛΕΓΙΟ ΨΥΧΙΚΟΥ,"ΙΔΙΩΤΙΚΟ ΓΕΝΙΚΟ ΛΥΚΕΙΟ - ΚΟΛΛΕΓΙΟ ΨΥΧΙΚΟΥ,Στεφάνου Δέλτα 15,,ΦΙΛΟΘΕΗΣ - ΨΥΧΙΚΟΥ",Μερική αναστολή
Λ. ΚΗΦΙΣΙΑΣ 184 ΚΤΗΜΑ ΣΥΓΓΡΟΥ,ΑΜΑΡΟΥΣΙΟΥ,10-10-2020,2020-10-10,"184, Tachidromio Kifisias, Levidou 1, Marousi 145 62, Greece",Α' Ταξη,38.0645433,23.813077800000002,ΑΝΑΣΤΟΛΗ ΛΕΙΤΟΥΡΓΙΑΣ Α' ΤΑΞΗΣ,2020-09-29 16:47:27.638902,ΕΠΑΛ ΑΝΑΒΡΥΤΩΝ,"ΕΠΑΛ ΑΝΑΒΡΥΤΩΝ,Λ. ΚΗΦΙΣΙΑΣ 184 ΚΤΗΜΑ ΣΥΓΓΡΟΥ,ΑΜΑΡΟΥΣΙΟΥ",Μερική αναστολή
ΚΑΠΕΤΑΝ ΧΡΟΝΑ 38,ΠΕΡΙΣΤΕΡΙΟΥ,05-10-2020,2020-10-05,"Kapetan Chrona 38, Peristeri 121 35, Greece",Τμήμα,38.0180958,23.678518,Αναστέλλει τη λειτουργία του ένα τμήμα,2020-09-29 16:47:27.638902,24ο ΝΗΠΙΑΓΩΓΕΙΟ ΠΕΡΙΣΤΕΡΙΟΥ,"24ο ΝΗΠΙΑΓΩΓΕΙΟ ΠΕΡΙΣΤΕΡΙΟΥ,ΚΑΠΕΤΑΝ ΧΡΟΝΑ 38,ΠΕΡΙΣΤΕΡΙΟΥ",Μερική αναστολή
ΠΟΛΥΤΕΚΝΩΝ 20,ΙΛΙΟΥ (ΝΕΩΝ ΛΙΟΣΙΩΝ),07-10-2020,2020-10-07,"Politeknon 20, Ilion 131 21, Greece",Τμήμα Δ1,38.025076,23.7023467,Αναστέλλει τη λειτουργία του μόνο το τμήμα Δ1,2020-09-29 16:47:27.638902,4ο ΔΗΜΟΤΙΚΟ ΣΧΟΛΕΙΟ ΙΛΙΟΥ,"4ο ΔΗΜΟΤΙΚΟ ΣΧΟΛΕΙΟ ΙΛΙΟΥ,ΠΟΛΥΤΕΚΝΩΝ 20,ΙΛΙΟΥ (ΝΕΩΝ ΛΙΟΣΙΩΝ)",Μερική αναστολή
ΣΑΛΑΜΙΝΟΣ 10,ΑΙΓΑΛΕΩ,08-10-2020,2020-10-08,"Salaminos 10, Egaleo 122 44, Greece",,37.99537189999999,23.670011499999998,,2020-09-29 16:47:27.638902,9ο ΔΗΜΟΤΙΚΟ ΣΧΟΛΕΙΟ ΑΙΓΑΛΕΩ - ΟΔΥΣΣΕΑΣ ΕΛΥΤΗΣ,"9ο ΔΗΜΟΤΙΚΟ ΣΧΟΛΕΙΟ ΑΙΓΑΛΕΩ - ΟΔΥΣΣΕΑΣ ΕΛΥΤΗΣ,ΣΑΛΑΜΙΝΟΣ 10,ΑΙΓΑΛΕΩ",Ολική αναστολή
ΑΜΠΕΛΟΚΗΠΩΝ 56,ΘΕΡΜΑΪΚΟΥ,02-10-2020,2020-10-02,"Ampelokipon 56, Perea 570 19, Greece",Τμήματα Β2 Και Γ2,40.50172630000001,22.9266,Αναστέλλουν τη λειτουργία τους μόνο τα τμήματα Β2 και Γ2,2020-09-29 16:47:27.638902,1ο ΔΗΜΟΤΙΚΟ ΣΧΟΛΕΙΟ ΠΕΡΑΙΑΣ,"1ο ΔΗΜΟΤΙΚΟ ΣΧΟΛΕΙΟ ΠΕΡΑΙΑΣ,ΑΜΠΕΛΟΚΗΠΩΝ 56,ΘΕΡΜΑΪΚΟΥ",Επαναλειτουργία
Άγιος Βασίλειος,ΠΑΤΡΕΩΝ,07-10-2020,2020-10-07,"Agiou Vasiliou 3, Ag. Vasilios 265 04, Greece",Α' Ταξη,38.312621299999996,21.816779999999998,ΑΝΑΣΤΟΛΗ ΛΕΙΤΟΥΡΓΙΑΣ Α' ΤΑΞΗΣ,2020-09-29 16:47:27.638902,ΔΗΜΟΤΙΚΟ ΣΧΟΛΕΙΟ ΑΓΙΟΥ ΒΑΣΙΛΕΙΟY,"ΔΗΜΟΤΙΚΟ ΣΧΟΛΕΙΟ ΑΓΙΟΥ ΒΑΣΙΛΕΙΟY,Άγιος Βασίλειος,ΠΑΤΡΕΩΝ",Μερική αναστολή
ΣΥΡΟΥ 1,ΤΡΙΚΚΑΙΩΝ,09-10-2020,2020-10-09,"Sirou 22, Trikala 421 00, Greece",Στ' Ταξη,39.545696299999996,21.7712924,ΑΝΑΣΤΟΛΗ ΛΕΙΤΟΥΡΓΙΑΣ ΣΤ' ΤΑΞΗΣ,2020-09-29 16:47:27.638902,11ο ΔΗΜΟΤΙΚΟ ΣΧΟΛΕΙΟ ΤΡΙΚΑΛΩΝ,"11ο ΔΗΜΟΤΙΚΟ ΣΧΟΛΕΙΟ ΤΡΙΚΑΛΩΝ,ΣΥΡΟΥ 1,ΤΡΙΚΚΑΙΩΝ",Μερική αναστολή
ΔΙΑΛΕΚΤΟ,ΤΡΙΚΚΑΙΩΝ,09-10-2020,2020-10-09,"Dialekto, Trikala 421 00, Greece",Ταξεις Γ' Και Δ',39.5976578,21.6532066,ΑΝΑΣΤΟΛΗ ΛΕΙΤΟΥΡΓΙΑΣ ΤΩΝ ΤΑΞΕΩΝ Γ' και Δ',2020-09-29 16:47:27.638902,ΔΗΜΟΤΙΚΟ ΣΧΟΛΕΙΟ ΔΙΑΛΕΚΤΟΥ,"ΔΗΜΟΤΙΚΟ ΣΧΟΛΕΙΟ ΔΙΑΛΕΚΤΟΥ,ΔΙΑΛΕΚΤΟ,ΤΡΙΚΚΑΙΩΝ",Μερική αναστολή
ΝΙΚΟΜΗΔΕΙΑΣ 7-9,ΝΕΑΣ ΣΜΥΡΝΗΣ,07-10-2020,2020-10-07,"Nikomidias 7, Nea Smirni 171 24, Greece",Τμήμα Β2,37.9477287,23.7216603,Αναστέλλει τη λειτουργία του μόνο το τμήμα Β2,2020-09-29 16:47:27.638902,2ο ΓΥΜΝΑΣΙΟ ΝΕΑΣ ΣΜΥΡΝΗΣ - ΟΜΗΡΕΙΟ,"2ο ΓΥΜΝΑΣΙΟ ΝΕΑΣ ΣΜΥΡΝΗΣ - ΟΜΗΡΕΙΟ,ΝΙΚΟΜΗΔΕΙΑΣ 7-9,ΝΕΑΣ ΣΜΥΡΝΗΣ",Μερική αναστολή
ΚΑΤΣΙΜΗΔΟΥ 5,ΤΡΙΚΚΑΙΩΝ,09-10-2020,2020-10-09,"Trikala 421 00, Greece","Τμήμα Γ2 Μέχρι Και 02-10-2020, Και Το Τμήμα Α4 Μέχρι Και 09-10-2020",39.55093249999999,21.7775188,"Αναστέλλει τη λειτουργία του το τμήμα Γ2 μέχρι και 02-10-2020, και το τμήμα Α4 μέχρι και 09-10-2020",2020-09-29 16:47:27.638902,2ο ΓΥΜΝΑΣΙΟ ΤΡΙΚΑΛΩΝ,"2ο ΓΥΜΝΑΣΙΟ ΤΡΙΚΑΛΩΝ,ΚΑΤΣΙΜΗΔΟΥ 5,ΤΡΙΚΚΑΙΩΝ",Μερική αναστολή
ΠΙΝΔΟΥ  4,ΠΥΛΗΣ,09-10-2020,2020-10-09,"Δουσικου, Πύλη 420 32, Greece",Τμήματα Β1 Και Β2,39.46172749999999,21.6216423,Αναστέλλουν τη λειτουργία τους μόνο τα τμήματα Β1 και Β2,2020-09-29 16:47:27.638902,ΓΕΝΙΚΟ ΛΥΚΕΙΟ ΠΥΛΗΣ,"ΓΕΝΙΚΟ ΛΥΚΕΙΟ ΠΥΛΗΣ,ΠΙΝΔΟΥ  4,ΠΥΛΗΣ",Μερική αναστολή
ΑΣΩΠΙΑ ΒΟΙΩΤΙΑΣ,ΤΑΝΑΓΡΑΣ,08-10-2020,2020-10-08,"Unnamed Road, Asopia 322 00, Greece",Α' Ταξη Γυμνασιου Και Γ' Ταξη Ανθρωπιστικων Σπουδων Του Γυμνασιου Με Λ.Τ. Ασωπιας,38.3018341,23.497853399999997,ΑΝΑΣΤΟΛΗ ΛΕΙΤΟΥΡΓΙΑΣ Α' ΤΑΞΗΣ ΓΥΜΝΑΣΙΟΥ ΚΑΙ Γ' ΤΑΞΗΣ ΑΝΘΡΩΠΙΣΤΙΚΩΝ ΣΠΟΥΔΩΝ ΤΟΥ ΓΥΜΝΑΣΙΟΥ ΜΕ Λ.Τ. ΑΣΩΠΙΑΣ,2020-09-29 16:47:27.638902,ΓΥΜΝΑΣΙΟ ΜΕ Λ.Τ. ΑΣΩΠΙΑΣ ΒΟΙΩΤΙΑΣ,"ΓΥΜΝΑΣΙΟ ΜΕ Λ.Τ. ΑΣΩΠΙΑΣ ΒΟΙΩΤΙΑΣ,ΑΣΩΠΙΑ ΒΟΙΩΤΙΑΣ,ΤΑΝΑΓΡΑΣ",Μερική αναστολή
ΦΡΑΓΚΙΑΔΩΝ 109,ΠΕΙΡΑΙΩΣ,07-10-2020,2020-10-07,"Naxou 58, Pireas 185 41, Greece",,37.9580255,23.659290300000002,Αναστέλλει τη λειτουργία του το Β' Πρωινό και προαιρετικό ολοήμερο,2020-09-29 16:47:27.638902,53ο ΝΗΠΙΑΓΩΓΕΙΟ ΠΕΙΡΑΙΑ,"53ο ΝΗΠΙΑΓΩΓΕΙΟ ΠΕΙΡΑΙΑ,ΦΡΑΓΚΙΑΔΩΝ 109,ΠΕΙΡΑΙΩΣ",Μερική αναστολή
ΣΚΟΠΕΥΤΗΡΙΟΥ 17,ΠΑΛΛΗΝΗΣ,05-10-2020,2020-10-05,"Skopeftiriou 17, Koropi 194 00, Greece",Τμήμα A3 Και Τα Τμήματα Α1 Αγγλικών Και Α1 Γερμανικών,37.8581256,23.8243771,Αναστέλλουν τη λειτουργία τους το τμήμα A3 και τα τμήματα Α1 Αγγλικών και Α1 Γερμανικών,2020-09-29 16:47:27.638902,ΠΡΟΤΥΠΟ ΕΚΠΑΙΔΕΥΤΗΡΙΟ ΑΘΗΝΩΝ,"ΠΡΟΤΥΠΟ ΕΚΠΑΙΔΕΥΤΗΡΙΟ ΑΘΗΝΩΝ,ΣΚΟΠΕΥΤΗΡΙΟΥ 17,ΠΑΛΛΗΝΗΣ",Μερική αναστολή
ΑΝΔΡΕΑ ΜΕΤΑΞΑ 7,ΦΙΛΟΘΕΗΣ - ΨΥΧΙΚΟΥ,08-10-2020,2020-10-08,"Andrea Metaxa 7, Filothei 152 37, Greece",Τμήμα Β3,38.0217437,23.7821646,Αναστέλλει τη λειτουργία του μόνο το τμήμα Β3,2020-09-29 16:47:27.638902,ΓΥΜΝΑΣΙΟ ΦΙΛΟΘΕΗΣ,"ΓΥΜΝΑΣΙΟ ΦΙΛΟΘΕΗΣ,ΑΝΔΡΕΑ ΜΕΤΑΞΑ 7,ΦΙΛΟΘΕΗΣ - ΨΥΧΙΚΟΥ",Μερική αναστολή
ΚΙΛΚΙΣ 1 & ΑΛΕΚΟΥ ΠΑΝΑΓΟΥΛΗ,ΝΕΑΣ ΙΩΝΙΑΣ,08-10-2020,2020-10-08,"Kilkis 1, Nea Ionia 142 31, Greece","Τμήμα Στ2 Μέχρι Και 06-10-2020, Και Τα Τμήματα Β2 Και Δ1 Μέχρι Και 08-10-2020",38.0489637,23.750402800000003,"Αναστέλλει τη λειτουργία του το τμήμα ΣΤ2 μέχρι και 06-10-2020, και τα τμήματα Β2 και Δ1 μέχρι και 08-10-2020",2020-09-29 16:47:27.638902,2ο ΔΗΜΟΤΙΚΟ ΣΧΟΛΕΙΟ ΝΕΑΣ ΙΩΝΙΑΣ,"2ο ΔΗΜΟΤΙΚΟ ΣΧΟΛΕΙΟ ΝΕΑΣ ΙΩΝΙΑΣ,ΚΙΛΚΙΣ 1 & ΑΛΕΚΟΥ ΠΑΝΑΓΟΥΛΗ,ΝΕΑΣ ΙΩΝΙΑΣ",Μερική αναστολή
ΚΕΦΑΛΟΒΡΥΣΟ,ΤΡΙΚΚΑΙΩΝ,08-10-2020,2020-10-08,"Kefalovryso 440 06, Greece",Ταξη,40.016236600000006,20.558764899999996,ΑΝΑΣΤΟΛΗ ΛΕΙΤΟΥΡΓΙΑΣ E ΤΑΞΗΣ,2020-09-29 16:47:27.638902,ΔΗΜΟΤΙΚΟ ΣΧΟΛΕΙΟ ΚΕΦΑΛΟΒΡΥΣΟΥ,"ΔΗΜΟΤΙΚΟ ΣΧΟΛΕΙΟ ΚΕΦΑΛΟΒΡΥΣΟΥ,ΚΕΦΑΛΟΒΡΥΣΟ,ΤΡΙΚΚΑΙΩΝ",Μερική αναστολή
ΧΡΥΣΑΝΘΕΜΩΝ 11,ΩΡΩΠΟΥ,08-10-2020,2020-10-08,"Χρυσανθέμων 11, ΑΦΙΔΝΕΣ ΑΤΤΙΚΗΣ 190 14, Greece","Τμήματα Β2 Και Τα Υποτμήματα Αγγλικών, Γερμανικών & Μαθηματικών Μέχρι Και 02-10-2020, Και Τα Τμήματα Α5 Αγγλικών Και Γ6 Αγγλικών Μέχρι Και 08-10-2020",38.1906941,23.8422323,"Αναστέλλουν τη λειτουργία τους τα τμήματα Β2 και τα υποτμήματα Αγγλικών, Γερμανικών & Μαθηματικών μέχρι και 02-10-2020, και τα τμήματα Α5 Αγγλικών και Γ6 Αγγλικών μέχρι και 08-10-2020",2020-09-29 16:47:27.638902,ΙΔΙΩΤΙΚΟ ΓΥΜΝΑΣΙΟ - ΕΚΠΑΙΔΕΥΤΙΚΗ ΑΝΑΓΕΝΝΗΣΗ - ΕΚΠΑΙΔΕΥΤΗΡΙΑ ΑΝΤΩΝΟΠΟΥΛΟΥ,"ΙΔΙΩΤΙΚΟ ΓΥΜΝΑΣΙΟ - ΕΚΠΑΙΔΕΥΤΙΚΗ ΑΝΑΓΕΝΝΗΣΗ - ΕΚΠΑΙΔΕΥΤΗΡΙΑ ΑΝΤΩΝΟΠΟΥΛΟΥ,ΧΡΥΣΑΝΘΕΜΩΝ 11,ΩΡΩΠΟΥ",Μερική αναστολή
ΚΡΟΤΩΝΟΣ 4,ΑΘΗΝΑΙΩΝ,06-10-2020,2020-10-06,"Krotonos 4, Athina 116 31, Greece","Τμήμα Β2 Μέχρι Και 01-10-2020, Και Το Τμήμα Γ1 Μέχρι Και 06-10-2020",37.9585616,23.734854000000002,"Αναστέλλει τη λειτουργία του το τμήμα Β2 μέχρι και 01-10-2020, και το τμήμα Γ1 μέχρι και 06-10-2020",2020-09-29 16:47:27.638902,89ο ΔΗΜΟΤΙΚΟ ΣΧΟΛΕΙΟ ΑΘΗΝΩΝ,"89ο ΔΗΜΟΤΙΚΟ ΣΧΟΛΕΙΟ ΑΘΗΝΩΝ,ΚΡΟΤΩΝΟΣ 4,ΑΘΗΝΑΙΩΝ",Μερική αναστολή
ΝΙΚ.ΝΕΖΗ 56,ΕΛΕΥΣΙΝΑΣ,08-10-2020,2020-10-08,"Episminagou Nikou Nezi 56, Elefsina 192 00, Greece",Τμήματα Στ1 Και Στ2,38.0405685,23.5477614,Αναστέλλουν τη λειτουργία τους μόνο τα τμήματα ΣΤ1 και ΣΤ2,2020-09-29 16:47:27.638902,7ο ΔΗΜΟΤΙΚΟ ΣΧΟΛΕΙΟ ΕΛΕΥΣΙΝΑΣ AΝΤΩΝΙΟΣ ΜΙΧΑΗΛΟΣ,"7ο ΔΗΜΟΤΙΚΟ ΣΧΟΛΕΙΟ ΕΛΕΥΣΙΝΑΣ AΝΤΩΝΙΟΣ ΜΙΧΑΗΛΟΣ,ΝΙΚ.ΝΕΖΗ 56,ΕΛΕΥΣΙΝΑΣ",Μερική αναστολή
ΑΙΛΙΑΝΟΥ 10Α,ΑΘΗΝΑΙΩΝ,04-10-2020,2020-10-04,"Elianou 10Α, Athina 112 54, Greece",Τμήμα Στ1,38.009783,23.7324367,Αναστέλλει τη λειτουργία του μόνο το τμήμα ΣΤ1,2020-09-29 16:47:27.638902,48ο ΔΗΜΟΤΙΚΟ ΣΧΟΛΕΙΟ ΑΘΗΝΩΝ,"48ο ΔΗΜΟΤΙΚΟ ΣΧΟΛΕΙΟ ΑΘΗΝΩΝ,ΑΙΛΙΑΝΟΥ 10Α,ΑΘΗΝΑΙΩΝ",Επαναλειτουργία
ΔΑΒΑΚΗ 6,ΚΕΡΑΤΣΙΝΙΟΥ - ΔΡΑΠΕΤΣΩΝΑΣ,07-10-2020,2020-10-07,"Sintagmatarchou Davaki 6, Keratsini Drapetsona 187 57, Greece",Τμήμα Β2,37.9709761,23.623105399999996,Αναστέλλει τη λειτουργία του μόνο το τμήμα Β2,2020-09-29 16:47:27.638902,9ο ΔΗΜΟΤΙΚΟ ΣΧΟΛΕΙΟ ΚΕΡΑΤΣΙΝΙΟΥ,"9ο ΔΗΜΟΤΙΚΟ ΣΧΟΛΕΙΟ ΚΕΡΑΤΣΙΝΙΟΥ,ΔΑΒΑΚΗ 6,ΚΕΡΑΤΣΙΝΙΟΥ - ΔΡΑΠΕΤΣΩΝΑΣ",Μερική αναστολή
ΕΘΝΙΚΗΣ ΑΝΤΙΣΤΑΣΕΩΣ ΚΑΙ ΦΕΡΡΩΝ 125,ΠΕΡΙΣΤΕΡΙΟΥ,08-10-2020,2020-10-08,"Ferwn, Eth. Antistaseos, Peristeri 121 35, Greece",Τμήμα Α4,38.015515,23.6828049,Αναστέλλει τη λειτουργία του μόνο το τμήμα Α4,2020-09-29 16:47:27.638902,13ο ΓΥΜΝΑΣΙΟ ΠΕΡΙΣΤΕΡΙΟΥ,"13ο ΓΥΜΝΑΣΙΟ ΠΕΡΙΣΤΕΡΙΟΥ,ΕΘΝΙΚΗΣ ΑΝΤΙΣΤΑΣΕΩΣ ΚΑΙ ΦΕΡΡΩΝ 125,ΠΕΡΙΣΤΕΡΙΟΥ",Μερική αναστολή
ΣΟΦΟΚΛΗ ΒΕΝΙΖΕΛΟΥ 15,ΛΥΚΟΒΡΥΣΗΣ - ΠΕΥΚΗΣ,06-10-2020,2020-10-06,"Lykovrysi-Pefki, Greece",Νηπιακό Τμήμα,38.06291760000001,23.790057,Αναστέλλει τη λειτουργία του μόνο το νηπιακό τμήμα,2020-09-29 16:47:27.638902,ΙΔΙΩΤΙΚΟ ΝΗΠΙΑΓΩΓΕΙΟ ΛΥΚΟΒΡΥΣΕΩΣ - ΕΜΜ. ΣΕΡΔΑΡΗΣ ΚΑΙ ΣΙΑ ΕΕ,"ΙΔΙΩΤΙΚΟ ΝΗΠΙΑΓΩΓΕΙΟ ΛΥΚΟΒΡΥΣΕΩΣ - ΕΜΜ. ΣΕΡΔΑΡΗΣ ΚΑΙ ΣΙΑ ΕΕ,ΣΟΦΟΚΛΗ ΒΕΝΙΖΕΛΟΥ 15,ΛΥΚΟΒΡΥΣΗΣ - ΠΕΥΚΗΣ",Μερική αναστολή
Κουμουνδούρου 175,ΠΕΙΡΑΙΩΣ,06-10-2020,2020-10-06,"Koumoundourou 175, Pireas 185 46, Greece",Τμήμα Β2 Και Το Β Τμήμα Γαλλικών,37.958985399999996,23.631154100000003,Αναστέλλει τη λειτουργία του μόνο το τμήμα Β2 και το Β τμήμα Γαλλικών,2020-09-29 16:47:27.638902,"ΙΔΙΩΤΙΚΟ ΓΥΜΝΑΣΙΟ ""ΘΕΜΙΣΤΟΚΛΗΣ""","ΙΔΙΩΤΙΚΟ ΓΥΜΝΑΣΙΟ ""ΘΕΜΙΣΤΟΚΛΗΣ"",Κουμουνδούρου 175,ΠΕΙΡΑΙΩΣ",Μερική αναστολή
ΑΓΙΟΥ ΣΠΥΡΙΔΩΝΟΣ ΚΑΙ ΜΗΛΙΩΝΗ 3,ΑΙΓΑΛΕΩ,08-10-2020,2020-10-08,"Agiou Spiridonos, Egaleo 122 43, Greece",Στ' Ταξη,38.0054984,23.6746437,ΑΝΑΣΤΟΛΗ ΛΕΙΤΟΥΡΓΙΑΣ ΣΤ' ΤΑΞΗΣ,2020-09-29 16:47:27.638902,"19ο ΔΗΜΟΤΙΚΟ ΣΧΟΛΕΙΟ ΑΙΓΑΛΕΩ ""ΑΡΙΣΤΟΤΕΛΗΣ ΒΑΛΑΩΡΙΤΗΣ""","19ο ΔΗΜΟΤΙΚΟ ΣΧΟΛΕΙΟ ΑΙΓΑΛΕΩ ""ΑΡΙΣΤΟΤΕΛΗΣ ΒΑΛΑΩΡΙΤΗΣ"",ΑΓΙΟΥ ΣΠΥΡΙΔΩΝΟΣ ΚΑΙ ΜΗΛΙΩΝΗ 3,ΑΙΓΑΛΕΩ",Μερική αναστολή
ΝΙΚΟΛΑΟΥ ΜΙΛΗΣΗ 3,ΠΑΛΛΗΝΗΣ,01-10-2020,2020-10-01,"Milisi 3, Pallini 153 51, Greece",Τμήματα Λυκειου A1 Και Α2,37.999823,23.865959,Αναστέλλουν τη λειτουργία τους μόνο τα τμήματα ΛΥΚΕΙΟΥ A1 και Α2,2020-09-29 16:47:27.638902,ΣΧΟΛΗ Ι.Μ.ΠΑΝΑΓΙΩΤΟΠΟΥΛΟΥ ΙΔΙΩΤΙΚΟ ΓΕΝΙΚΟ ΛΥΚΕΙΟ,"ΣΧΟΛΗ Ι.Μ.ΠΑΝΑΓΙΩΤΟΠΟΥΛΟΥ ΙΔΙΩΤΙΚΟ ΓΕΝΙΚΟ ΛΥΚΕΙΟ,ΝΙΚΟΛΑΟΥ ΜΙΛΗΣΗ 3,ΠΑΛΛΗΝΗΣ",Επαναλειτουργία
ΣΒΟΡΩΝΟΥ 15,ΚΑΤΕΡΙΝΗΣ,06-10-2020,2020-10-06,"Svoronou 14, Katerini 601 00, Greece",Τμήμα Στ1,40.27255,22.501130800000002,Αναστέλλει τη λειτουργία του μόνο το τμήμα ΣΤ1,2020-09-29 16:47:27.638902,15ο ΔΗΜΟΤΙΚΟ ΣΧΟΛΕΙΟ ΚΑΤΕΡΙΝΗΣ,"15ο ΔΗΜΟΤΙΚΟ ΣΧΟΛΕΙΟ ΚΑΤΕΡΙΝΗΣ,ΣΒΟΡΩΝΟΥ 15,ΚΑΤΕΡΙΝΗΣ",Μερική αναστολή
ΑΓ. ΑΣΩΜΑΤΩΝ 35,ΑΘΗΝΑΙΩΝ,05-10-2020,2020-10-05,"Ag. Asomaton 37, Athina 105 53, Greece",Β' Ταξη,37.97943950000001,23.719683800000002,ΑΝΑΣΤΟΛΗ ΛΕΙΤΟΥΡΓΙΑΣ Β' ΤΑΞΗΣ,2020-09-29 16:47:27.638902,49ο ΔΗΜΟΤΙΚΟ ΣΧΟΛΕΙΟ ΑΘΗΝΩΝ,"49ο ΔΗΜΟΤΙΚΟ ΣΧΟΛΕΙΟ ΑΘΗΝΩΝ,ΑΓ. ΑΣΩΜΑΤΩΝ 35,ΑΘΗΝΑΙΩΝ",Μερική αναστολή
ΓΡΑΒΙΑΣ 6,ΑΓΙΑΣ ΠΑΡΑΣΚΕΥΗΣ,06-10-2020,2020-10-06,"Gravias 6, Ag. Paraskevi 153 42, Greece","Τμήματα Α4, Β11",38.0036885,23.8303314,"Αναστέλλουν τη λειτουργία τους μόνο τα τμήματα Α4, Β11",2020-09-29 16:47:27.638902,ΑΜΕΡΙΚΑΝΙΚΟ ΚΟΛΛΕΓΙΟ ΕΛΛΑΔΟΣ-ΙΔΙΩΤΙΚΟ ΓΥΜΝΑΣΙΟ,"ΑΜΕΡΙΚΑΝΙΚΟ ΚΟΛΛΕΓΙΟ ΕΛΛΑΔΟΣ-ΙΔΙΩΤΙΚΟ ΓΥΜΝΑΣΙΟ,ΓΡΑΒΙΑΣ 6,ΑΓΙΑΣ ΠΑΡΑΣΚΕΥΗΣ",Μερική αναστολή
ΜΑΡΙΑΣ ΧΑΤΖΗΚΥΡΙΑΚΟΥ 27,ΠΕΙΡΑΙΩΣ,06-10-2020,2020-10-06,"Marias Chatzikiriakou 82, Pireas 185 38, Greece",Τμήμα Α2,37.9355299,23.6307973,Αναστέλλει τη λειτουργία του μόνο το τμήμα Α2,2020-09-29 16:47:27.638902,ΓΕΝΙΚΟ ΛΥΚΕΙΟ ΚΑΛΛΙΠΟΛΗΣ ΠΕΙΡΑΙΩΣ,"ΓΕΝΙΚΟ ΛΥΚΕΙΟ ΚΑΛΛΙΠΟΛΗΣ ΠΕΙΡΑΙΩΣ,ΜΑΡΙΑΣ ΧΑΤΖΗΚΥΡΙΑΚΟΥ 27,ΠΕΙΡΑΙΩΣ",Μερική αναστολή
ΙΩΑΝΝΙΝΩΝ 82,ΠΕΡΙΣΤΕΡΙΟΥ,07-10-2020,2020-10-07,"Ioanninon 82, Peristeri 121 37, Greece","Τμήματα Β1, Β2, Β3 Και Β4",38.0291254,23.676996,"Αναστέλλουν τη λειτουργία τους μόνο τα τμήματα Β1, Β2, Β3 και Β4",2020-09-29 16:47:27.638902,10ο ΓΕΝΙΚΟ ΛΥΚΕΙΟ ΠΕΡΙΣΤΕΡΙΟΥ,"10ο ΓΕΝΙΚΟ ΛΥΚΕΙΟ ΠΕΡΙΣΤΕΡΙΟΥ,ΙΩΑΝΝΙΝΩΝ 82,ΠΕΡΙΣΤΕΡΙΟΥ",Μερική αναστολή
Πανόρμου και Λαρίσης 47,ΑΘΗΝΑΙΩΝ,05-10-2020,2020-10-05,"Πανόρμου και, Larisis 47, Athina 115 24, Greece",Τμήμα Α1,37.993472,23.762444,Αναστέλλει τη λειτουργία του μόνο το τμήμα Α1,2020-09-29 16:47:27.638902,16ο ΓΥΜΝΑΣΙΟ ΑΘΗΝΩΝ,"16ο ΓΥΜΝΑΣΙΟ ΑΘΗΝΩΝ,Πανόρμου και Λαρίσης 47,ΑΘΗΝΑΙΩΝ",Μερική αναστολή
ΠΕΡΙΟΧΗ ΧΛΟΗ,ΚΑΣΤΟΡΙΑΣ,01-10-2020,2020-10-01,"Chloi 521 00, Greece","Τμήματα Α4, Β1 Και Γ' Οικ. ",40.532345,21.259296,"Αναστέλλουν τη λειτουργία τους μόνο τα τμήματα Α4, Β1 και Γ' ΟΙΚ. ",2020-09-29 16:47:27.638902,1ο ΓΕΝΙΚΟ ΛΥΚΕΙΟ ΚΑΣΤΟΡΙΑΣ,ΠΕΡΙΟΧΗ ΧΛΟΗ,Μερική αναστολή
ΠΛΑΤΕΙΑ ΑΓΙΟΥ ΓΕΩΡΓΙΟΥ,ΝΙΚΑΙΑΣ - ΑΓΙΟΥ Ι. ΡΕΝΤΗ,01-10-2020,2020-10-01,"Redestou 30, Nikea 184 53, Greece",Τμήμα Β2,37.9719576,23.6444501,Αναστέλλει τη λειτουργία του μόνο το τμήμα Β2,2020-09-29 16:47:27.638902,3ο ΔΗΜΟΤΙΚΟ ΣΧΟΛΕΙΟ ΝΙΚΑΙΑΣ,"3ο ΔΗΜΟΤΙΚΟ ΣΧΟΛΕΙΟ ΝΙΚΑΙΑΣ,ΠΛΑΤΕΙΑ ΑΓΙΟΥ ΓΕΩΡΓΙΟΥ,ΝΙΚΑΙΑΣ - ΑΓΙΟΥ Ι. ΡΕΝΤΗ",Επαναλειτουργία
ΝΙΚΟΜΗΔΕΙΑΣ 7-9,ΝΕΑΣ ΣΜΥΡΝΗΣ,05-10-2020,2020-10-05,"Nikomidias 7, Nea Smirni 171 24, Greece",Τμήμα Β3,37.947663399999996,23.7215465,Αναστέλλει τη λειτουργία του μόνο το τμήμα Β3,2020-09-29 16:47:27.638902,3ο ΓΥΜΝΑΣΙΟ ΝΕΑΣ ΣΜΥΡΝΗΣ - ΚΕΝΤΡΙΚΟ,"3ο ΓΥΜΝΑΣΙΟ ΝΕΑΣ ΣΜΥΡΝΗΣ - ΚΕΝΤΡΙΚΟ,ΝΙΚΟΜΗΔΕΙΑΣ 7-9,ΝΕΑΣ ΣΜΥΡΝΗΣ",Μερική αναστολή
ΚΥΠΡΟΥ & ΣΑΜΨΟΥΝΤΟΣ,ΝΙΚΑΙΑΣ - ΑΓΙΟΥ Ι. ΡΕΝΤΗ,30-09-2020,2020-09-30,"Pantichiou 23, Nikea 184 51, Greece",Τμήμα Γ2,37.97087379999999,23.6409462,Αναστέλλει τη λειτουργία του μόνο το τμήμα Γ2,2020-09-29 16:47:27.638902,1ο ΓΥΜΝΑΣΙΟ ΝΙΚΑΙΑΣ,"1ο ΓΥΜΝΑΣΙΟ ΝΙΚΑΙΑΣ,ΚΥΠΡΟΥ & ΣΑΜΨΟΥΝΤΟΣ,ΝΙΚΑΙΑΣ - ΑΓΙΟΥ Ι. ΡΕΝΤΗ",Επαναλειτουργία
ΠΕΜΠΤΟ ΧΜ ΤΡΙΚΑΛΩΝ ΚΑΡΔΙΤΣΑΣ,ΤΡΙΚΚΑΙΩΝ,07-10-2020,2020-10-07,"EO Trikalon Karditsas, Trikala, Greece",,39.4927941,21.838463600000004,,2020-09-29 16:47:27.638902,ΙΔΙΩΤΙΚΟ ΔΗΜΟΤΙΚΟ ΤΡΙΚΑΛΑ - Φ. ΣΑΚΚΑ ΚΑΙ ΣΙΑ Ο.Ε.,"ΙΔΙΩΤΙΚΟ ΔΗΜΟΤΙΚΟ ΤΡΙΚΑΛΑ - Φ. ΣΑΚΚΑ ΚΑΙ ΣΙΑ Ο.Ε.,ΠΕΜΠΤΟ ΧΜ ΤΡΙΚΑΛΩΝ ΚΑΡΔΙΤΣΑΣ,ΤΡΙΚΚΑΙΩΝ",Ολική αναστολή
ΒΕΛΒΕΝΔΟΥ 47,ΑΘΗΝΑΙΩΝ,01-10-2020,2020-10-01,"Velvendou 47, Athina 113 64, Greece",Τμήμα Α4,38.0039764,23.7472921,Αναστέλλει τη λειτουργία του μόνο το τμήμα Α4,2020-09-29 16:47:27.638902,39ο ΗΜΕΡΗΣΙΟ ΓΥΜΝΑΣΙΟ ΑΘΗΝΩΝ,"39ο ΗΜΕΡΗΣΙΟ ΓΥΜΝΑΣΙΟ ΑΘΗΝΩΝ,ΒΕΛΒΕΝΔΟΥ 47,ΑΘΗΝΑΙΩΝ",Επαναλειτουργία
ΚΑΤΣΙΜΙΔΗ 11,ΘΕΣΣΑΛΟΝΙΚΗΣ,30-09-2020,2020-09-30,"Katsimidi 11, Thessaloniki 546 39, Greece",Τμήμα Β Μηχ. 2,40.6176,22.962051100000004,Αναστέλλει τη λειτουργία του μόνο το τμήμα Β μηχ. 2,2020-09-29 16:47:27.638902,14ο ΕΣΠΕΡΙΝΟ ΕΠΑΛ ΘΕΣΣΑΛΟΝΙΚΗΣ,"14ο ΕΣΠΕΡΙΝΟ ΕΠΑΛ ΘΕΣΣΑΛΟΝΙΚΗΣ,ΚΑΤΣΙΜΙΔΗ 11,ΘΕΣΣΑΛΟΝΙΚΗΣ",Επαναλειτουργία
Κ. ΣΩΤΗΡΙΟΥ 3,ΜΑΡΚΟΠΟΥΛΟΥ ΜΕΣΟΓΑΙΑΣ,04-10-2020,2020-10-04,"Kosta Sotiriou 16-18, Markopoulo Mesogeas 190 03, Greece",Τμήματα Β2 & Β2 Θετικής Κατ.,37.8819291,23.9386201,Αναστέλλουν τη λειτουργία τους μόνο τα τμήματα Β2 & Β2 Θετικής κατ.,2020-09-29 16:47:27.638902,1ο ΓΕΝΙΚΟ ΛΥΚΕΙΟ ΜΑΡΚΟΠΟΥΛΟΥ,"1ο ΓΕΝΙΚΟ ΛΥΚΕΙΟ ΜΑΡΚΟΠΟΥΛΟΥ,Κ. ΣΩΤΗΡΙΟΥ 3,ΜΑΡΚΟΠΟΥΛΟΥ ΜΕΣΟΓΑΙΑΣ",Επαναλειτουργία
ΠΑΝΔΡΟΣΟΥ 45,ΠΑΛΑΙΟΥ ΦΑΛΗΡΟΥ,02-10-2020,2020-10-02,"Pandrosou 45, Paleo Faliro 175 64, Greece",Δ' Ταξη,37.932651799999995,23.707421,ΑΝΑΣΤΟΛΗ ΛΕΙΤΟΥΡΓΙΑΣ Δ' ΤΑΞΗΣ,2020-09-29 16:47:27.638902,ΙΔΙΩΤΙΚΟ ΔΗΜΟΤΙΚΟ Π. ΦΑΛΗΡΟ - ΣΥΓΧΡΟΝΑ ΕΚΠΑΙΔΕΥΤΗΡΙΑ Μ.ΧΟΥΡΔΑΚΗ,"ΙΔΙΩΤΙΚΟ ΔΗΜΟΤΙΚΟ Π. ΦΑΛΗΡΟ - ΣΥΓΧΡΟΝΑ ΕΚΠΑΙΔΕΥΤΗΡΙΑ Μ.ΧΟΥΡΔΑΚΗ,ΠΑΝΔΡΟΣΟΥ 45,ΠΑΛΑΙΟΥ ΦΑΛΗΡΟΥ",Επαναλειτουργία
ΠΤΟΛΕΜΑΪΔΟΣ 1,ΑΧΑΡΝΩΝ,05-10-2020,2020-10-05,"Ptolemaidos 1, Acharnes 136 72, Greece",Γ' Ταξη,38.0993766,23.741905199999998,ΑΝΑΣΤΟΛΗ ΛΕΙΤΟΥΡΓΙΑΣ Γ' ΤΑΞΗΣ,2020-09-29 16:47:27.638902,1ο ΕΠΑΛ ΑΧΑΡΝΩΝ - ΛΑΘΕΑ,"1ο ΕΠΑΛ ΑΧΑΡΝΩΝ - ΛΑΘΕΑ,ΠΤΟΛΕΜΑΪΔΟΣ 1,ΑΧΑΡΝΩΝ",Μερική αναστολή
ΚΕΔΡΗΝΟΥ ΚΑΙ ΤΣΕΛΙΟΥ 1,ΑΘΗΝΑΙΩΝ,02-10-2020,2020-10-02,"Georgiou Kedrinou ke Dimou Tseliou, Athina 115 22, Greece",Τμήμα Α2,37.9908794,23.754903100000003,Αναστέλλει τη λειτουργία του μόνο το τμήμα Α2,2020-09-29 16:47:27.638902,111ο ΔΗΜΟΤΙΚΟ ΣΧΟΛΕΙΟ ΑΘΗΝΩΝ,"111ο ΔΗΜΟΤΙΚΟ ΣΧΟΛΕΙΟ ΑΘΗΝΩΝ,ΚΕΔΡΗΝΟΥ ΚΑΙ ΤΣΕΛΙΟΥ 1,ΑΘΗΝΑΙΩΝ",Επαναλειτουργία
ΕΜΜ ΠΑΠΠΑ ΚΑΙ ΠΛΑΤΕΙΑ ΑΡΙΣΤΟΤΕΛΟΥΣ,ΑΧΑΡΝΩΝ,02-10-2020,2020-10-02,"Emmanouil Pappa 64, Thrakomakedones 136 76, Greece",Τμήμα Γ2,38.128606,23.7567141,Αναστέλλει τη λειτουργία του μόνο το τμήμα Γ2,2020-09-29 16:47:27.638902,ΗΜΕΡΗΣΙΟ ΓΥΜΝΑΣΙΟ ΘΡΑΚΟΜΑΚΕΔΟΝΩΝ,"ΗΜΕΡΗΣΙΟ ΓΥΜΝΑΣΙΟ ΘΡΑΚΟΜΑΚΕΔΟΝΩΝ,ΕΜΜ ΠΑΠΠΑ ΚΑΙ ΠΛΑΤΕΙΑ ΑΡΙΣΤΟΤΕΛΟΥΣ,ΑΧΑΡΝΩΝ",Επαναλειτουργία
ΜΠΕΚΙΑΡΗ 7,ΣΕΡΡΩΝ,29-09-2020,2020-09-29,"Serres 621 25, Greece",Τμήμα E1,41.0839815,23.5467628,Αναστέλλει τη λειτουργία του μόνο το τμήμα E1,2020-09-29 16:47:27.638902,1ο ΔΗΜΟΤΙΚΟ ΣΧΟΛΕΙΟ ΣΕΡΡΩΝ,"1ο ΔΗΜΟΤΙΚΟ ΣΧΟΛΕΙΟ ΣΕΡΡΩΝ,ΜΠΕΚΙΑΡΗ 7,ΣΕΡΡΩΝ",Επαναλειτουργία
ΚΑΛΑΜΠΑΚΑΣ ΚΑΙ ΣΤΑΥΡΟΠΟΥΛΟΥ,ΤΡΙΚΚΑΙΩΝ,07-10-2020,2020-10-07,"Stavropoulou 5, Trikala 421 00, Greece",,39.5622178,21.7538682,,2020-09-29 16:47:27.638902,5ο ΓΕΝΙΚΟ ΛΥΚΕΙΟ ΤΡΙΚΑΛΩΝ,"5ο ΓΕΝΙΚΟ ΛΥΚΕΙΟ ΤΡΙΚΑΛΩΝ,ΚΑΛΑΜΠΑΚΑΣ ΚΑΙ ΣΤΑΥΡΟΠΟΥΛΟΥ,ΤΡΙΚΚΑΙΩΝ",Ολική αναστολή
ΔΑΒΑΚΗ 50,ΙΛΙΟΥ (ΝΕΩΝ ΛΙΟΣΙΩΝ),07-10-2020,2020-10-07,"Sintagmatarchou Davaki 50, Ilion 131 23, Greece",Τμήμα Ε2,38.0445273,23.696610800000002,Αναστέλλει τη λειτουργία του μόνο το τμήμα Ε2,2020-09-29 16:47:27.638902,6ο ΔΗΜΟΤΙΚΟ ΣΧΟΛΕΙΟ ΙΛΙΟΥ,"6ο ΔΗΜΟΤΙΚΟ ΣΧΟΛΕΙΟ ΙΛΙΟΥ,ΔΑΒΑΚΗ 50,ΙΛΙΟΥ (ΝΕΩΝ ΛΙΟΣΙΩΝ)",Μερική αναστολή
ΧΑΤΖΗΑΠΟΣΤΟΛΟΥ ΚΑΙ ΜΕΤΟΧΙΤΗ 1,ΑΘΗΝΑΙΩΝ,01-10-2020,2020-10-01,"Metochiti, Athina 144 23, Greece",Τμήμα Α3,38.0017982,23.710897699999997,Αναστέλλει τη λειτουργία του μόνο το τμήμα Α3,2020-09-29 16:47:27.638902,144ο ΔΗΜΟΤΙΚΟ ΣΧΟΛΕΙΟ ΑΘΗΝΩΝ,"144ο ΔΗΜΟΤΙΚΟ ΣΧΟΛΕΙΟ ΑΘΗΝΩΝ,ΧΑΤΖΗΑΠΟΣΤΟΛΟΥ ΚΑΙ ΜΕΤΟΧΙΤΗ 1,ΑΘΗΝΑΙΩΝ",Επαναλειτουργία
ΜΕΓΑΛΟΥ ΑΛΕΞΑΝΔΡΟΥ 63,ΑΘΗΝΑΙΩΝ,06-10-2020,2020-10-06,"Meg. Alexandrou 63, Athina 104 35, Greece",Β' Ταξη,37.982844,23.7172357,ΑΝΑΣΤΟΛΗ ΛΕΙΤΟΥΡΓΙΑΣ Β' ΤΑΞΗΣ,2020-09-29 16:47:27.638902,64ο ΔΗΜΟΤΙΚΟ ΣΧΟΛΕΙΟ ΑΘΗΝΩΝ,"64ο ΔΗΜΟΤΙΚΟ ΣΧΟΛΕΙΟ ΑΘΗΝΩΝ,ΜΕΓΑΛΟΥ ΑΛΕΞΑΝΔΡΟΥ 63,ΑΘΗΝΑΙΩΝ",Μερική αναστολή
ΠΕΤΡΑΣ - ΤΡΙΠΟΛΕΩΣ 2-4,ΑΘΗΝΑΙΩΝ,05-10-2020,2020-10-05,"Tripoleos 2, Athina 104 44, Greece",Τμήμα Α2,37.99510069999999,23.7141034,Αναστέλλει τη λειτουργία του μόνο το τμήμα Α2,2020-09-29 16:47:27.638902,52ο ΗΜΕΡΗΣΙΟ ΓΥΜΝΑΣΙΟ ΑΘΗΝΩΝ,"52ο ΗΜΕΡΗΣΙΟ ΓΥΜΝΑΣΙΟ ΑΘΗΝΩΝ,ΠΕΤΡΑΣ - ΤΡΙΠΟΛΕΩΣ 2-4,ΑΘΗΝΑΙΩΝ",Μερική αναστολή
ΑΣΠΡΟΓΕΡΑΚΑ 2,ΑΘΗΝΑΙΩΝ,06-10-2020,2020-10-06,"Asprogeraka 2, Athina 117 44, Greece",Τμήμα Γ1,37.9535188,23.7271141,Αναστέλλει τη λειτουργία του μόνο το τμήμα Γ1,2020-09-29 16:47:27.638902,43ο ΓΥΜΝΑΣΙΟ ΑΘΗΝΩΝ,"43ο ΓΥΜΝΑΣΙΟ ΑΘΗΝΩΝ,ΑΣΠΡΟΓΕΡΑΚΑ 2,ΑΘΗΝΑΙΩΝ",Μερική αναστολή
ΠΡΑΤΙΝΟΥ 19,ΑΘΗΝΑΙΩΝ,05-10-2020,2020-10-05,"Pratinou 19-37, Athina 116 34, Greece",Τμήμα B3,37.969370700000006,23.747897899999998,Αναστέλλει τη λειτουργία του μόνο το τμήμα B3,2020-09-29 16:47:27.638902,7ο ΓΥΜΝΑΣΙΟ ΑΘΗΝΩΝ (0501100),"7ο ΓΥΜΝΑΣΙΟ ΑΘΗΝΩΝ (0501100),ΠΡΑΤΙΝΟΥ 19,ΑΘΗΝΑΙΩΝ",Μερική αναστολή
ΣΟΦΟΚΛΗ ΒΕΝΙΖΕΛΟΥ 77,ΛΥΚΟΒΡΥΣΗΣ - ΠΕΥΚΗΣ,05-10-2020,2020-10-05,"77 Sofokli Venizelou str Lykovrissi, Likovrisi 141 23, Greece",1C Τμήμα Της Α' Τάξη,38.074668599999995,23.7924707,Αναστέλλει τη λειτουργία του μόνο το A1C τμήμα της Α' τάξης,2020-09-29 16:47:27.638902,ST. CATHERINE'S BRITISH EMBASSY SCHOOL,"ST. CATHERINE'S BRITISH EMBASSY SCHOOL,ΣΟΦΟΚΛΗ ΒΕΝΙΖΕΛΟΥ 77,ΛΥΚΟΒΡΥΣΗΣ - ΠΕΥΚΗΣ",Μερική αναστολή
ΧΙΛΙΑΝΔΑΡΙΟΥ 2,ΑΘΗΝΑΙΩΝ,02-10-2020,2020-10-02,"Chiliandariou 4, Athina 113 63, Greece",Τμήμα Γ2,38.0013446,23.743619600000002,Αναστέλλει τη λειτουργία του μόνο το τμήμα Γ2,2020-09-29 16:47:27.638902,30ο ΔΗΜΟΤΙΚΟ ΣΧΟΛΕΙΟ ΑΘΗΝΩΝ,"30ο ΔΗΜΟΤΙΚΟ ΣΧΟΛΕΙΟ ΑΘΗΝΩΝ,ΧΙΛΙΑΝΔΑΡΙΟΥ 2,ΑΘΗΝΑΙΩΝ",Επαναλειτουργία
ΙΚΤΙΝΟΥ 5,ΘΕΣΣΑΛΟΝΙΚΗΣ,29-09-2020,2020-09-29,"Iktinou 5, Thessaloniki 546 22, Greece",Τμήμα Γ1,40.632100799999996,22.9458406,Αναστέλλει τη λειτουργία του μόνο το τμήμα Γ1,2020-09-29 16:47:27.638902,2ο ΗΜΕΡΗΣΙΟ ΓΥΜΝΑΣΙΟ ΘΕΣΣΑΛΟΝΙΚΗΣ,"2ο ΗΜΕΡΗΣΙΟ ΓΥΜΝΑΣΙΟ ΘΕΣΣΑΛΟΝΙΚΗΣ,ΙΚΤΙΝΟΥ 5,ΘΕΣΣΑΛΟΝΙΚΗΣ",Επαναλειτουργία
ΝΑΥΑΡΙΝΟΥ 4,ΑΓΙΩΝ ΑΝΑΡΓΥΡΩΝ - ΚΑΜΑΤΕΡΟΥ,06-10-2020,2020-10-06,"Navarinou 4, Agii Anargiri 135 62, Greece",,38.0339335,23.7230983,,2020-09-29 16:47:27.638902,10ο ΝΗΠΙΑΓΩΓΕΙΟ ΑΓΙΟΙ ΑΝΑΡΓΥΡΟΙ,"10ο ΝΗΠΙΑΓΩΓΕΙΟ ΑΓΙΟΙ ΑΝΑΡΓΥΡΟΙ,ΝΑΥΑΡΙΝΟΥ 4,ΑΓΙΩΝ ΑΝΑΡΓΥΡΩΝ - ΚΑΜΑΤΕΡΟΥ",Ολική αναστολή
ΔΗΜΟΚΡΙΤΟΥ 6 & ΓΕΡΜΑΝΙΚΗΣ ΣΧΟΛΗΣ ΑΘΗΝΩΝ,ΑΜΑΡΟΥΣΙΟΥ,05-10-2020,2020-10-05,"Dimokritou 6 & Germanikis Scholis Athinon, Marousi 151 23, Greece",3A Τμήμα Της Γ' Τάξης Δημοτικού,38.036749,23.794147,Αναστέλλει τη λειτουργία του μόνο το 3a τμήμα της Γ' Τάξης Δημοτικού,2020-09-29 16:47:27.638902,ΙΔΙΩΤΙΚΟ ΔΗΜΟΤΙΚΟ ΜΑΡΟΥΣΙ - ΓΕΡΜΑΝΙΚΗ ΣΧΟΛΗ ΑΘΗΝΩΝ,"ΔΗΜΟΚΡΙΤΟΥ 6 & ΓΕΡΜΑΝΙΚΗΣ ΣΧΟΛΗΣ ΑΘΗΝΩΝ,ΑΜΑΡΟΥΣΙΟΥ",Μερική αναστολή
ΜΑΚΡΥΓΙΑΝΝΗ 1,ΑΜΑΡΟΥΣΙΟΥ,05-10-2020,2020-10-05,"32, Makrigianni 14, Marousi 151 26, Greece",2Ο Τμήμα,38.041931,23.823885,Αναστέλλει τη λειτουργία του μόνο το 2ο τμήμα,2020-09-29 16:47:27.638902,16ο ΝΗΠΙΑΓΩΓΕΙΟ ΑΜΑΡΟΥΣΙΟΥ,"16ο ΝΗΠΙΑΓΩΓΕΙΟ ΑΜΑΡΟΥΣΙΟΥ,ΜΑΚΡΥΓΙΑΝΝΗ 1,ΑΜΑΡΟΥΣΙΟΥ",Μερική αναστολή
ΚΑΝΑΡΗ  9,ΑΜΑΡΟΥΣΙΟΥ,05-10-2020,2020-10-05,"Kanari 9, Marousi 151 26, Greece",Τμήμα Α1,38.05791749999999,23.8169478,Αναστέλλει τη λειτουργία του μόνο το τμήμα Α1,2020-09-29 16:47:27.638902,"ΓΥΜΝΑΣΙΟ ΑΜΑΡΟΥΣΙΟΥ ""Η ΕΛΛΗΝΙΚΗ ΠΑΙΔΕΙΑ""","ΓΥΜΝΑΣΙΟ ΑΜΑΡΟΥΣΙΟΥ ""Η ΕΛΛΗΝΙΚΗ ΠΑΙΔΕΙΑ"",ΚΑΝΑΡΗ  9,ΑΜΑΡΟΥΣΙΟΥ",Μερική αναστολή
ΘΕΣΣΑΛΙΑΣ ΚΑΙ ΚΡΑΤΙΝΟΥ,ΑΧΑΡΝΩΝ,05-10-2020,2020-10-05,"ΘΕΣΣΑΛΙΑΣ &, Kratinou 13671, Αχαρνές 105 51, Greece",Τμήμα Γ2,37.981512200000004,23.727702700000002,Αναστέλλει τη λειτουργία του μόνο το τμήμα Γ2,2020-09-29 16:47:27.638902,5ο ΓΥΜΝΑΣΙΟ ΑΧΑΡΝΩΝ,"5ο ΓΥΜΝΑΣΙΟ ΑΧΑΡΝΩΝ,ΘΕΣΣΑΛΙΑΣ ΚΑΙ ΚΡΑΤΙΝΟΥ,ΑΧΑΡΝΩΝ",Μερική αναστολή
ΣΥΝΤΑΓΜΑΤΑΡΧΗ ΔΗΜΗΤΡΙΑΔΗ 3,ΞΑΝΘΗΣ,29-09-2020,2020-09-29,"Suntagmatarchi Dimitriadi 3, Xanthi 671 00, Greece",Τμήμα Γ1,41.1379041,24.877606600000004,Αναστέλλει τη λειτουργία του μόνο το τμήμα Γ1,2020-09-29 16:47:27.638902,4ο ΓΥΜΝΑΣΙΟ ΞΑΝΘΗΣ,"4ο ΓΥΜΝΑΣΙΟ ΞΑΝΘΗΣ,ΣΥΝΤΑΓΜΑΤΑΡΧΗ ΔΗΜΗΤΡΙΑΔΗ 3,ΞΑΝΘΗΣ",Επαναλειτουργία
ΒΕΡΟΙΑΣ ΚΑΙ ΧΑΛΚΙΔΙΚΗΣ,ΑΧΑΡΝΩΝ,05-10-2020,2020-10-05,"Verias ke Chalkidikis, Acharnes 136 76, Greece",Τμήμα Β1,38.14194670000001,23.7529227,Αναστέλλει τη λειτουργία του μόνο το τμήμα Β1,2020-09-29 16:47:27.638902,2ο ΔΗΜΟΤΙΚΟ ΣΧΟΛΕΙΟ ΘΡΑΚΟΜΑΚΕΔΟΝΩΝ,"2ο ΔΗΜΟΤΙΚΟ ΣΧΟΛΕΙΟ ΘΡΑΚΟΜΑΚΕΔΟΝΩΝ,ΒΕΡΟΙΑΣ ΚΑΙ ΧΑΛΚΙΔΙΚΗΣ,ΑΧΑΡΝΩΝ",Μερική αναστολή
ΚΑΛΛΙΘΕΑ    ΕΛΑΣΣΟΝΑΣ,ΕΛΑΣΣΟΝΑΣ,05-10-2020,2020-10-05,"Kallithea Elassonos 402 00, Greece",Ταξεις Α' Γυμνασιου Και Γ' Λυκειου,39.98109729999999,22.1905453,ΑΝΑΣΤΟΛΗ ΛΕΙΤΟΥΡΓΙΑΣ ΤΩΝ ΤΑΞΕΩΝ Α' ΓΥΜΝΑΣΙΟΥ και Γ' ΛΥΚΕΙΟΥ,2020-09-29 16:47:27.638902,"ΓΥΜΝΑΣΙΟ ΚΑΙ ΛΥΚΕΙΑΚΕΣ ΤΑΞΕΙΣ ΚΑΛΛΙΘΕΑΣ ""ΘΕΟΦΙΛΟΣ ΣΑΚΑΛΙΔΗΣ""","ΓΥΜΝΑΣΙΟ ΚΑΙ ΛΥΚΕΙΑΚΕΣ ΤΑΞΕΙΣ ΚΑΛΛΙΘΕΑΣ ""ΘΕΟΦΙΛΟΣ ΣΑΚΑΛΙΔΗΣ"",ΚΑΛΛΙΘΕΑ    ΕΛΑΣΣΟΝΑΣ,ΕΛΑΣΣΟΝΑΣ",Μερική αναστολή
ΠΡΩΤΟΠΑΠΑΔΑΚΗ 8,ΓΑΛΑΤΣΙΟΥ,02-10-2020,2020-10-02,"Protopapadaki 8, Galatsi 111 47, Greece",Τμήμα Δ2,38.0116802,23.7535384,Αναστέλλει τη λειτουργία του μόνο το τμήμα Δ2,2020-09-29 16:47:27.638902,4ο ΔΗΜΟΤΙΚΟ ΣΧΟΛΕΙΟ ΓΑΛΑΤΣΙΟΥ,"4ο ΔΗΜΟΤΙΚΟ ΣΧΟΛΕΙΟ ΓΑΛΑΤΣΙΟΥ,ΠΡΩΤΟΠΑΠΑΔΑΚΗ 8,ΓΑΛΑΤΣΙΟΥ",Επαναλειτουργία
Σουλίου 2-4 & Λεωφ. Γαλατσίου,ΓΑΛΑΤΣΙΟΥ,05-10-2020,2020-10-05,"Souliou 2, Galatsi 111 46, Greece",Τμήμα Α3,38.0143352,23.747688500000002,Αναστέλλει τη λειτουργία του μόνο το τμήμα Α3,2020-09-29 16:47:27.638902,2ο ΓΥΜΝΑΣΙΟ ΓΑΛΑΤΣΙΟΥ,"2ο ΓΥΜΝΑΣΙΟ ΓΑΛΑΤΣΙΟΥ,Σουλίου 2-4 & Λεωφ. Γαλατσίου,ΓΑΛΑΤΣΙΟΥ",Μερική αναστολή
Λεωφ. Γουναράδων & Οδυσσέα Ελύτη - Χλόη,ΚΑΣΤΟΡΙΑΣ,02-10-2020,2020-10-02,"Chloi 521 00, Greece",Τμήμα Α2,40.5324904,21.2590512,Αναστέλλει τη λειτουργία του μόνο το τμήμα Α2,2020-09-29 16:47:27.638902,2ο ΓΕΝΙΚΟ ΛΥΚΕΙΟ ΚΑΣΤΟΡΙΑΣ,"2ο ΓΕΝΙΚΟ ΛΥΚΕΙΟ ΚΑΣΤΟΡΙΑΣ,Λεωφ. Γουναράδων & Οδυσσέα Ελύτη - Χλόη,ΚΑΣΤΟΡΙΑΣ",Επαναλειτουργία
Λ. ΚΑΤΣΩΝΗ ΤΕΡΜΑ ΑΓ. ΜΟΝΗ,ΤΡΙΚΚΑΙΩΝ,03-10-2020,2020-10-03,"Lamprou Katsoni 23, Trikala 421 00, Greece","Τμήματα Α1, Α2, Γ1, Γ2",39.5428303,21.7547124,"Αναστέλλουν τη λειτουργία τους μόνο τα τμήματα Α1, Α2, Γ1, Γ2",2020-09-29 16:47:27.638902,6ο ΓΕΝΙΚΟ ΛΥΚΕΙΟ ΤΡΙΚΑΛΩΝ,"6ο ΓΕΝΙΚΟ ΛΥΚΕΙΟ ΤΡΙΚΑΛΩΝ,Λ. ΚΑΤΣΩΝΗ ΤΕΡΜΑ ΑΓ. ΜΟΝΗ,ΤΡΙΚΚΑΙΩΝ",Επαναλειτουργία
Γ. ΘΕΟΤΟΚΗ 62,ΠΕΙΡΑΙΩΣ,02-10-2020,2020-10-02,"Geor. Theotoki, Pireas 185 39, Greece",Τμήμα Α3,37.933879499999996,23.6349655,Αναστέλλει τη λειτουργία του μόνο το τμήμα Α3,2020-09-29 16:47:27.638902,6ο ΓΥΜΝΑΣΙΟ ΠΕΙΡΑΙΑ,"6ο ΓΥΜΝΑΣΙΟ ΠΕΙΡΑΙΑ,Γ. ΘΕΟΤΟΚΗ 62,ΠΕΙΡΑΙΩΣ",Επαναλειτουργία
ΠΙΝΔΟΥ ΚΑΙ ΘΕΡΜΟΠΥΛΩΝ 8,ΜΟΣΧΑΤΟΥ - ΤΑΥΡΟΥ,02-10-2020,2020-10-02,"Thermopilon 8, Moschato Tavros 183 45, Greece",Τμήμα Α2,37.9528776,23.676613800000002,Αναστέλλει τη λειτουργία του μόνο το τμήμα Α2,2020-09-29 16:47:27.638902,3ο ΔΗΜΟΤΙΚΟ ΣΧΟΛΕΙΟ ΜΟΣΧΑΤΟΥ,"3ο ΔΗΜΟΤΙΚΟ ΣΧΟΛΕΙΟ ΜΟΣΧΑΤΟΥ,ΠΙΝΔΟΥ ΚΑΙ ΘΕΡΜΟΠΥΛΩΝ 8,ΜΟΣΧΑΤΟΥ - ΤΑΥΡΟΥ",Επαναλειτουργία
ΚΑΛΑΜΑ 2,ΑΘΗΝΑΙΩΝ,04-10-2020,2020-10-04,"Kalama 2, Athina 104 43, Greece",Τμήμα Β1,38.0082944,23.720837300000003,Αναστέλλει τη λειτουργία του μόνο το τμήμα Β1,2020-09-29 16:47:27.638902,128ο ΔΗΜΟΤΙΚΟ ΣΧΟΛΕΙΟ ΑΘΗΝΩΝ,"128ο ΔΗΜΟΤΙΚΟ ΣΧΟΛΕΙΟ ΑΘΗΝΩΝ,ΚΑΛΑΜΑ 2,ΑΘΗΝΑΙΩΝ",Επαναλειτουργία
ΠΕΥΚΑ ΚΩΣΤΗΛΙ,ΜΑΝΔΡΑΣ - ΕΙΔΥΛΛΙΑΣ,04-10-2020,2020-10-04,"Scholiou, Mandra 196 00, Greece",Τμήμα Γ2,38.067433,23.496467199999998,Αναστέλλει τη λειτουργία του μόνο το τμήμα Γ2,2020-09-29 16:47:27.638902,1ο ΓΥΜΝΑΣΙΟ ΜΑΝΔΡΑΣ,"1ο ΓΥΜΝΑΣΙΟ ΜΑΝΔΡΑΣ,ΠΕΥΚΑ ΚΩΣΤΗΛΙ,ΜΑΝΔΡΑΣ - ΕΙΔΥΛΛΙΑΣ",Επαναλειτουργία
ΤΕΡΨΙΘΕΑΣ 35,ΠΑΛΑΙΟΥ ΦΑΛΗΡΟΥ,29-09-2020,2020-09-29,"Terpsitheas 35, Paleo Faliro 175 63, Greece",Τμήμα Β4,37.9272936,23.711835699999998,Αναστέλλει τη λειτουργία του μόνο το τμήμα Β4,2020-09-29 16:47:27.638902,2ο ΓΥΜΝΑΣΙΟ ΠΑΛΑΙΟΥ ΦΑΛΗΡΟΥ,"2ο ΓΥΜΝΑΣΙΟ ΠΑΛΑΙΟΥ ΦΑΛΗΡΟΥ,ΤΕΡΨΙΘΕΑΣ 35,ΠΑΛΑΙΟΥ ΦΑΛΗΡΟΥ",Επαναλειτουργία
ΔΗΜΟΚΡΙΤΟΥ 6 & ΓΕΡΜΑΝΙΚΗΣ ΣΧΟΛΗΣ ΑΘΗΝΩΝ,ΑΜΑΡΟΥΣΙΟΥ,04-10-2020,2020-10-04,"Dimokritou 6 & Germanikis Scholis Athinon, Marousi 151 23, Greece",10Ης Ταξη,38.036749,23.794147,ΑΝΑΣΤΟΛΗ ΛΕΙΤΟΥΡΓΙΑΣ της 10ης ΤΑΞΗΣ,2020-09-29 16:47:27.638902,ΙΔΙΩΤΙΚΟ ΛΥΚΕΙΟ - ΓΕΡΜΑΝΙΚΗ ΣΧΟΛΗ ΑΘΗΝΩΝ (3511/28.07.1956),"ΔΗΜΟΚΡΙΤΟΥ 6 & ΓΕΡΜΑΝΙΚΗΣ ΣΧΟΛΗΣ ΑΘΗΝΩΝ,ΑΜΑΡΟΥΣΙΟΥ",Επαναλειτουργία
ΚΟΛΛΕΓΙΟΥ ΚΑΙ ΛΕΟΝΤΑΡΙΟΥ,ΠΑΛΛΗΝΗΣ,30-09-2020,2020-09-30,"Leontariou 57, Leontario 153 51, Greece",Ιας Ταξη Γ' Οικ.,37.987252500000004,23.8621303,ΑΝΑΣΤΟΛΗ ΛΕΙΤΟΥΡΓΙΑΣ ΤΑΞΗΣ Γ' ΟΙΚ.,2020-09-29 16:47:27.638902,2ο ΓΕΝΙΚΟ ΛΥΚΕΙΟ ΠΑΛΛΗΝΗΣ,"2ο ΓΕΝΙΚΟ ΛΥΚΕΙΟ ΠΑΛΛΗΝΗΣ,ΚΟΛΛΕΓΙΟΥ ΚΑΙ ΛΕΟΝΤΑΡΙΟΥ,ΠΑΛΛΗΝΗΣ",Επαναλειτουργία
ΓΑΝΟΧΩΡΑ ΠΙΕΡΙΑΣ,ΚΑΤΕΡΙΝΗΣ,30-09-2020,2020-09-30,"Ganochora 601 00, Greece",Ταξεις Δ Και Στ,40.3027275,22.5011587,ΑΝΑΣΤΟΛΗ ΛΕΙΤΟΥΡΓΙΑΣ ΤΩΝ ΤΑΞΕΩΝ Δ και ΣΤ,2020-09-29 16:47:27.638902,ΙΔΙΩΤΙΚΟ ΔΗΜΟΤΙΚΟ ΚΑΤΕΡΙΝΗΣ - ΙΔΙΩΤΙΚΟ ΔΗΜ ΣΧΟΛΕΙΟ,"ΙΔΙΩΤΙΚΟ ΔΗΜΟΤΙΚΟ ΚΑΤΕΡΙΝΗΣ - ΙΔΙΩΤΙΚΟ ΔΗΜ ΣΧΟΛΕΙΟ,ΓΑΝΟΧΩΡΑ ΠΙΕΡΙΑΣ,ΚΑΤΕΡΙΝΗΣ",Επαναλειτουργία
ΚΙΟΥΤΑΧΕΙΑΣ 10 (ΜΗΤΡΟΠΟΛΕΩΣ 8),ΚΑΤΕΡΙΝΗΣ,01-10-2020,2020-10-01,"Kioutachias 10, Katerini 601 32, Greece","Τμήμα Β1, Καθώς Και Τα 2 Ολοήμερα Τμήματα",40.269841,22.500798100000004,"Αναστέλλει τη λειτουργία του το τμήμα Β1, καθώς και τα 2 Ολοήμερα τμήματα",2020-09-29 16:47:27.638902,2ο ΔΗΜΟΤΙΚΟ ΣΧΟΛΕΙΟ ΚΑΤΕΡΙΝΗΣ,"2ο ΔΗΜΟΤΙΚΟ ΣΧΟΛΕΙΟ ΚΑΤΕΡΙΝΗΣ,ΚΙΟΥΤΑΧΕΙΑΣ 10 (ΜΗΤΡΟΠΟΛΕΩΣ 8),ΚΑΤΕΡΙΝΗΣ",Επαναλειτουργία
ΗΠΕΙΡΟΥ  10,ΚΑΤΕΡΙΝΗΣ,04-10-2020,2020-10-04,"Ipirou 10, Katerini 601 00, Greece",Τμήμα Α3,40.262589,22.5108438,Αναστέλλει τη λειτουργία του μόνο το τμήμα Α3,2020-09-29 16:47:27.638902,5ο ΓΕΝΙΚΟ ΛΥΚΕΙΟ ΚΑΤΕΡΙΝΗΣ,"5ο ΓΕΝΙΚΟ ΛΥΚΕΙΟ ΚΑΤΕΡΙΝΗΣ,ΗΠΕΙΡΟΥ  10,ΚΑΤΕΡΙΝΗΣ",Επαναλειτουργία
ΒΑΛΑΩΡΙΤΟΥ 33,ΤΡΙΚΚΑΙΩΝ,03-10-2020,2020-10-03,"Valaoritou 33, Trikala 421 00, Greece","Τμήματα Α3, Α4, Α5",39.5515544,21.7616623,"Αναστέλλουν τη λειτουργία τους μόνο τα τμήματα Α3, Α4, Α5",2020-09-29 16:47:27.638902,3ο ΓΥΜΝΑΣΙΟ ΤΡΙΚΑΛΩΝ,"3ο ΓΥΜΝΑΣΙΟ ΤΡΙΚΑΛΩΝ,ΒΑΛΑΩΡΙΤΟΥ 33,ΤΡΙΚΚΑΙΩΝ",Επαναλειτουργία
ΠΥΡΓΟΥ 32,ΓΛΥΦΑΔΑΣ,02-10-2020,2020-10-02,"Pirgou 32, Glifada 166 75, Greece",2Ο Τμήμα,37.8801312,23.7460508,Αναστέλλει τη λειτουργία του μόνο το 2ο τμήμα,2020-09-29 16:47:27.638902,13ο ΝΗΠΙΑΓΩΓΕΙΟ ΓΛΥΦΑΔΑΣ,"13ο ΝΗΠΙΑΓΩΓΕΙΟ ΓΛΥΦΑΔΑΣ,ΠΥΡΓΟΥ 32,ΓΛΥΦΑΔΑΣ",Επαναλειτουργία
ΠΙΕΡΙΩΝ 16,ΒΡΙΛΗΣΣΙΩΝ,04-10-2020,2020-10-04,"Pierion 16, Vrilissia 152 35, Greece",Τμήμα Γ1,38.04208250000001,23.8361064,Αναστέλλει τη λειτουργία του μόνο το τμήμα Γ1,2020-09-29 16:47:27.638902,6ο ΔΗΜΟΤΙΚΟ ΣΧΟΛΕΙΟ ΒΡΙΛΗΣΣΙΩΝ,"6ο ΔΗΜΟΤΙΚΟ ΣΧΟΛΕΙΟ ΒΡΙΛΗΣΣΙΩΝ,ΠΙΕΡΙΩΝ 16,ΒΡΙΛΗΣΣΙΩΝ",Επαναλειτουργία
ΛΙΟΣΙΩΝ 195,ΑΘΗΝΑΙΩΝ,04-10-2020,2020-10-04,"Liosion ke Stenimachou, Athina 104 45, Greece",Τμήμα Στ2,38.0024419,23.721729,Αναστέλλει τη λειτουργία του μόνο το τμήμα ΣΤ2,2020-09-29 16:47:27.638902,52ο ΔΗΜΟΤΙΚΟ ΣΧΟΛΕΙΟ ΑΘΗΝΩΝ,"52ο ΔΗΜΟΤΙΚΟ ΣΧΟΛΕΙΟ ΑΘΗΝΩΝ,ΛΙΟΣΙΩΝ 195,ΑΘΗΝΑΙΩΝ",Επαναλειτουργία
ΑΦΕΝΤΟΥΛΗ 5,ΠΕΙΡΑΙΩΣ,01-10-2020,2020-10-01,"Leof. Afentouli 5, Pireas 185 36, Greece",Τμήμα A2,37.9361249,23.642053399999998,Αναστέλλει τη λειτουργία του μόνο το τμήμα A2,2020-09-29 16:47:27.638902,1ο ΓΥΜΝΑΣΙΟ ΠΕΙΡΑΙΑ,"1ο ΓΥΜΝΑΣΙΟ ΠΕΙΡΑΙΑ,ΑΦΕΝΤΟΥΛΗ 5,ΠΕΙΡΑΙΩΣ",Επαναλειτουργία
ΔΡΑΚΟΝΤΟΣ 37,ΑΘΗΝΑΙΩΝ,02-10-2020,2020-10-02,"Drakontos 37, Athina 104 42, Greece",Τμήμα Γ2,37.99492559999999,23.7024966,Αναστέλλει τη λειτουργία του μόνο το τμήμα Γ2,2020-09-29 16:47:27.638902,ΜΟΥΣΙΚΟ ΣΧΟΛΕΙΟ ΑΘΗΝΑΣ,"ΜΟΥΣΙΚΟ ΣΧΟΛΕΙΟ ΑΘΗΝΑΣ,ΔΡΑΚΟΝΤΟΣ 37,ΑΘΗΝΑΙΩΝ",Επαναλειτουργία
ΕΘΝΑΡΧΟΥ ΜΑΚΑΡΙΟΥ  153-155,ΔΑΦΝΗΣ - ΥΜΗΤΤΟΥ,02-10-2020,2020-10-02,"Ethnarchou Makariou 153, Dafni 172 35, Greece",Τμήμα A1,37.9462059,23.7284048,Αναστέλλει τη λειτουργία του μόνο το τμήμα A1,2020-09-29 16:47:27.638902,4ο ΓΥΜΝΑΣΙΟ ΔΑΦΝΗΣ,"4ο ΓΥΜΝΑΣΙΟ ΔΑΦΝΗΣ,ΕΘΝΑΡΧΟΥ ΜΑΚΑΡΙΟΥ  153-155,ΔΑΦΝΗΣ - ΥΜΗΤΤΟΥ",Επαναλειτουργία
ΑΡΙΣΤΕΙΔΟΥ,ΠΑΛΛΗΝΗΣ,03-10-2020,2020-10-03,"Aristidou, Pallini 153 51, Greece","Τμήματα Β1, Β Γερμανικών Και Β Αγγλικών ",37.9804176,23.8552978,"Αναστέλλουν τη λειτουργία τους τα τμήματα Β1, Β Γερμανικών και Β Αγγλικών ",2020-09-29 16:47:27.638902,ΙΔΙΩΤΙΚΟ ΓΥΜΝΑΣΙΟ - ΕΡΑΣΜΕΙΟΣ ΕΛΛΗΝΟΓΕΡΜΑΝΙΚΗ ΣΧΟΛΗ,"ΙΔΙΩΤΙΚΟ ΓΥΜΝΑΣΙΟ - ΕΡΑΣΜΕΙΟΣ ΕΛΛΗΝΟΓΕΡΜΑΝΙΚΗ ΣΧΟΛΗ,ΑΡΙΣΤΕΙΔΟΥ,ΠΑΛΛΗΝΗΣ",Επαναλειτουργία
ΜΗΔΕΙΑΣ 8,ΘΕΡΜΑΪΚΟΥ,02-10-2020,2020-10-02,"&, Μήδειας, Περαία 570 19, Ελλάδα, Perea 570 19, Greece",Τμήμα Γ2,40.5060881,22.9231359,Αναστέλλει τη λειτουργία του μόνο το τμήμα Γ2,2020-09-29 16:47:27.638902,3ο ΔΗΜΟΤΙΚΟ ΣΧΟΛΕΙΟ ΠΕΡΑΙΑΣ,"3ο ΔΗΜΟΤΙΚΟ ΣΧΟΛΕΙΟ ΠΕΡΑΙΑΣ,ΜΗΔΕΙΑΣ 8,ΘΕΡΜΑΪΚΟΥ",Επαναλειτουργία
ΡΙΖΟΣΠΑΣΤΩΝ ΒΟΥΛΕΥΤΩΝ ΙΟΝΙΟΥ ΒΟΥΛΗΣ 6,ΚΕΡΚΥΡΑΣ,30-09-2020,2020-09-30,"Rizospaston Voulefton Ioniou Voulis 4, Kerkira 491 00, Greece",Τμήμα Γ1,39.62077590000001,19.921066699999997,Αναστέλλει τη λειτουργία του μόνο το τμήμα Γ1,2020-09-29 16:47:27.638902,5ο ΓΥΜΝΑΣΙΟ ΚΕΡΚΥΡΑΣ,"5ο ΓΥΜΝΑΣΙΟ ΚΕΡΚΥΡΑΣ,ΡΙΖΟΣΠΑΣΤΩΝ ΒΟΥΛΕΥΤΩΝ ΙΟΝΙΟΥ ΒΟΥΛΗΣ 6,ΚΕΡΚΥΡΑΣ",Επαναλειτουργία
ΓΡΕΒΕΝΩΝ Κ ΙΩΝΙΑΣ,ΝΙΚΑΙΑΣ - ΑΓΙΟΥ Ι. ΡΕΝΤΗ,29-09-2020,2020-09-29,"Gervasiou Grevenon ke Ionias, Nikea Agios Ioannis Rentis 184 50, Greece",Γ Ταξη,37.967621799999996,23.6470628,ΑΝΑΣΤΟΛΗ ΛΕΙΤΟΥΡΓΙΑΣ Γ ΤΑΞΗΣ,2020-09-29 16:47:27.638902,1ο ΔΗΜΟΤΙΚΟ ΣΧΟΛΕΙΟ ΝΙΚΑΙΑΣ,"1ο ΔΗΜΟΤΙΚΟ ΣΧΟΛΕΙΟ ΝΙΚΑΙΑΣ,ΓΡΕΒΕΝΩΝ Κ ΙΩΝΙΑΣ,ΝΙΚΑΙΑΣ - ΑΓΙΟΥ Ι. ΡΕΝΤΗ",Επαναλειτουργία
ΑΓΑΜΕΜΝΟΝΟΣ 1,ΗΛΙΟΥΠΟΛΕΩΣ,01-10-2020,2020-10-01,"Agamemnonos 1-5, Ilioupoli 163 43, Greece",Τμήματα Ε1 Και Ε2,37.934649900000004,23.7614835,Αναστέλλουν τη λειτουργία τους μόνο τα τμήματα Ε1 και Ε2,2020-09-29 16:47:27.638902,5ο ΔΗΜΟΤΙΚΟ ΣΧΟΛΕΙΟ ΗΛΙΟΥΠΟΛΗΣ,"5ο ΔΗΜΟΤΙΚΟ ΣΧΟΛΕΙΟ ΗΛΙΟΥΠΟΛΗΣ,ΑΓΑΜΕΜΝΟΝΟΣ 1,ΗΛΙΟΥΠΟΛΕΩΣ",Επαναλειτουργία
ΑΡΙΣΤΟΒΟΥΛΟΥ 12,ΑΘΗΝΑΙΩΝ,01-10-2020,2020-10-01,"Fotomara 60, Athina 117 45, Greece",2Ο Τμήμα,37.961149400000004,23.726045199999998,Αναστέλλει τη λειτουργία του μόνο το 2ο τμήμα,2020-09-29 16:47:27.638902,96ο ΝΗΠΙΑΓΩΓΕΙΟ ΑΘΗΝΑΣ,"96ο ΝΗΠΙΑΓΩΓΕΙΟ ΑΘΗΝΑΣ,ΑΡΙΣΤΟΒΟΥΛΟΥ 12,ΑΘΗΝΑΙΩΝ",Επαναλειτουργία
ΦΛΕΜΙΓΚ 1,ΗΛΙΟΥΠΟΛΕΩΣ,01-10-2020,2020-10-01,"Papamavrou 1, Ilioupoli 163 45, Greece",2Ο Τμήμα,37.9374552,23.7567862,Αναστέλλει τη λειτουργία του μόνο το 2ο τμήμα,2020-09-29 16:47:27.638902,20ο ΝΗΠΙΑΓΩΓΕΙΟ ΗΛΙΟΥΠΟΛΗΣ,"20ο ΝΗΠΙΑΓΩΓΕΙΟ ΗΛΙΟΥΠΟΛΗΣ,ΦΛΕΜΙΓΚ 1,ΗΛΙΟΥΠΟΛΕΩΣ",Επαναλειτουργία
ΗΠΕΙΡΟΥ 4,ΑΘΗΝΑΙΩΝ,01-10-2020,2020-10-01,"Ipeirou 4, Athina 104 33, Greece",Τμήμα Γ2,37.99011360000001,23.7303495,Αναστέλλει τη λειτουργία του μόνο το τμήμα Γ2,2020-09-29 16:47:27.638902,ΓΥΜΝΑΣΙΟ ΔΙΑΠΟΛΙΤΙΣΜΙΚΗΣ ΕΚΠΑΙΔΕΥΣΗΣ Α΄ ΑΘΗΝΑΣ,"ΓΥΜΝΑΣΙΟ ΔΙΑΠΟΛΙΤΙΣΜΙΚΗΣ ΕΚΠΑΙΔΕΥΣΗΣ Α΄ ΑΘΗΝΑΣ,ΗΠΕΙΡΟΥ 4,ΑΘΗΝΑΙΩΝ",Επαναλειτουργία
ΗΡΟΔΟΤΟΥ 8,ΚΑΒΑΛΑΣ,01-10-2020,2020-10-01,"Irodotou 8, Kavala 653 02, Greece",,40.9428785,24.408014899999998,,2020-09-29 16:47:27.638902,14ο ΝΗΠΙΑΓΩΓΕΙΟ ΚΑΒΑΛΑΣ,"14ο ΝΗΠΙΑΓΩΓΕΙΟ ΚΑΒΑΛΑΣ,ΗΡΟΔΟΤΟΥ 8,ΚΑΒΑΛΑΣ",Επαναλειτουργία
Λ. ΚΑΒΟΥΡΙΟΥ ΚΑΙ ΕΚΤΟΡΟΣ,ΒΑΡΗΣ - ΒΟΥΛΑΣ - ΒΟΥΛΙΑΓΜΕΝΗΣ,03-10-2020,2020-10-03,"Leoforos Kavouriou, Ektoros ke, Vari Voula Vouliagmeni 166 71, Greece",Τμήμα Α3,37.82015579999999,23.7748995,Αναστέλλει τη λειτουργία του μόνο το τμήμα Α3,2020-09-29 16:47:27.638902,ΓΕΝΙΚΟ ΛΥΚΕΙΟ ΒΟΥΛΙΑΓΜΕΝΗΣ,"ΓΕΝΙΚΟ ΛΥΚΕΙΟ ΒΟΥΛΙΑΓΜΕΝΗΣ,Λ. ΚΑΒΟΥΡΙΟΥ ΚΑΙ ΕΚΤΟΡΟΣ,ΒΑΡΗΣ - ΒΟΥΛΑΣ - ΒΟΥΛΙΑΓΜΕΝΗΣ",Επαναλειτουργία
ΓΕΝΝΑΔΙΟΥ & ΑΓΙΩΝ ΣΑΡΑΝΤΑ,ΝΕΑΣ ΣΜΥΡΝΗΣ,29-09-2020,2020-09-29,"Γενναδίου & Αγίων Σαράντα, Gennadiou, Ag. Dimitrios 173 41, Greece",,37.938496799999996,23.7226278,,2020-09-29 16:47:27.638902,7ο ΓΥΜΝΑΣΙΟ ΝΕΑΣ ΣΜΥΡΝΗΣ - ΕΦΕΣΙΟ,"7ο ΓΥΜΝΑΣΙΟ ΝΕΑΣ ΣΜΥΡΝΗΣ - ΕΦΕΣΙΟ,ΓΕΝΝΑΔΙΟΥ & ΑΓΙΩΝ ΣΑΡΑΝΤΑ,ΝΕΑΣ ΣΜΥΡΝΗΣ",Επαναλειτουργία
ΕΛΑΙΩΝ ΚΑΙ ΚΡΩΠΙΑΣ,ΠΕΤΡΟΥΠΟΛΕΩΣ,02-10-2020,2020-10-02,"Ελαιών και Κρωπίας, Petroupoli 132 31, Greece",,38.0461296,23.688067,,2020-09-29 16:47:27.638902,2ο ΓΥΜΝΑΣΙΟ ΠΕΤΡΟΥΠΟΛΗΣ,"2ο ΓΥΜΝΑΣΙΟ ΠΕΤΡΟΥΠΟΛΗΣ,ΕΛΑΙΩΝ ΚΑΙ ΚΡΩΠΙΑΣ,ΠΕΤΡΟΥΠΟΛΕΩΣ",Επαναλειτουργία
ΛΕΩΦΟΡΟΣ ΚΑΛΑΜΟΥ,ΩΡΩΠΟΥ,03-10-2020,2020-10-03,"Leof. Kalamou, Kalamos 190 14, Greece",Τμήματα Β1 Και Β2,38.28205870000001,23.8655604,Αναστέλλουν τη λειτουργία τους μόνο τα τμήματα Β1 και Β2,2020-09-29 16:47:27.638902,1ο ΓΥΜΝΑΣΙΟ ΚΑΛΑΜΟΥ ΑΤΤΙΚΗΣ,"1ο ΓΥΜΝΑΣΙΟ ΚΑΛΑΜΟΥ ΑΤΤΙΚΗΣ,ΛΕΩΦΟΡΟΣ ΚΑΛΑΜΟΥ,ΩΡΩΠΟΥ",Επαναλειτουργία
Ανέμων,"Κορωπί, Αττική",01-10-2020,2020-10-01,"Anemon, Kropia 194 00, Greece",11Ης Ταξη (Year 11),37.8565004,23.8203655,ΑΝΑΣΤΟΛΗ ΛΕΙΤΟΥΡΓΙΑΣ 11ης ΤΑΞΗΣ (Year 11),2020-09-29 16:47:27.638902,ST. LAWRENCE COLLEGE (ΛΥΚΕΙΟ),"Ανέμων,Κορωπί, Αττική",Επαναλειτουργία
ΔΕΛΗΓΙΩΡΓΗ 10,ΠΕΙΡΑΙΩΣ,01-10-2020,2020-10-01,"Deligiorgi 10, Pireas 185 33, Greece",Τμήμα Γ1 Μηχανικών,37.946593299999996,23.6567318,Αναστέλλει τη λειτουργία του μόνο το τμήμα Γ1 Μηχανικών,2020-09-29 16:47:27.638902,9ο ΕΠΑΛ ΠΕΙΡΑΙΑ - ΝΑΥΤΙΚΗΣ ΚΑΤΕΥΘΥΝΣΗΣ,"9ο ΕΠΑΛ ΠΕΙΡΑΙΑ - ΝΑΥΤΙΚΗΣ ΚΑΤΕΥΘΥΝΣΗΣ,ΔΕΛΗΓΙΩΡΓΗ 10,ΠΕΙΡΑΙΩΣ",Επαναλειτουργία
ΑΛΚΥΟΝΗΣ ΚΑΙ ΑΙΓΟΣΘΕΝΩΝ,ΓΑΛΑΤΣΙΟΥ,01-10-2020,2020-10-01,"Alkionis 61, Galatsi 111 46, Greece",Τμήμα Α3,38.02321120000001,23.756782,Αναστέλλει τη λειτουργία του μόνο το τμήμα Α3,2020-09-29 16:47:27.638902,6ο ΓΥΜΝΑΣΙΟ ΓΑΛΑΤΣΙΟΥ,"6ο ΓΥΜΝΑΣΙΟ ΓΑΛΑΤΣΙΟΥ,ΑΛΚΥΟΝΗΣ ΚΑΙ ΑΙΓΟΣΘΕΝΩΝ,ΓΑΛΑΤΣΙΟΥ",Επαναλειτουργία
Λ. ΙΩΝΙΑΣ ΚΑΙ ΔΑΙΡΠΦΕΛΔ 11,ΑΘΗΝΑΙΩΝ,01-10-2020,2020-10-01,"Ros 8, Athina 111 44, Greece",Τμήματα Β2 Και Β3 Θετικής Κατεύθυνσης,38.021555600000006,23.733220499999998,Αναστέλλουν τη λειτουργία τους μόνο τα τμήματα Β2 και Β3 Θετικής Κατεύθυνσης,2020-09-29 16:47:27.638902,18ο ΓΕΝΙΚΟ ΛΥΚΕΙΟ ΑΘΗΝΩΝ,"18ο ΓΕΝΙΚΟ ΛΥΚΕΙΟ ΑΘΗΝΩΝ,Λ. ΙΩΝΙΑΣ ΚΑΙ ΔΑΙΡΠΦΕΛΔ 11,ΑΘΗΝΑΙΩΝ",Επαναλειτουργία
ΝΑΙΑΔΩΝ 39,ΠΑΛΑΙΟΥ ΦΑΛΗΡΟΥ,30-09-2020,2020-09-30,"Naiadon 39, Paleo Faliro 175 61, Greece",Τμήμα Α4,37.9297036,23.6929087,Αναστέλλει τη λειτουργία του μόνο το τμήμα Α4,2020-09-29 16:47:27.638902,1ο ΓΕΝΙΚΟ ΛΥΚΕΙΟ ΠΑΛΑΙΟΥ ΦΑΛΗΡΟΥ,"1ο ΓΕΝΙΚΟ ΛΥΚΕΙΟ ΠΑΛΑΙΟΥ ΦΑΛΗΡΟΥ,ΝΑΙΑΔΩΝ 39,ΠΑΛΑΙΟΥ ΦΑΛΗΡΟΥ",Επαναλειτουργία
ΜΕΣΗΣ ΑΝΑΤΟΛΗΣ ΚΑΙ ΤΕΝΕΔΟΥ 1,ΙΛΙΟΥ (ΝΕΩΝ ΛΙΟΣΙΩΝ),04-10-2020,2020-10-04,"και, Μέσης Ανατολής, Ίλιον 131 22, Ελλάδα, Ilion 131 22, Greece",Τμήμα Β1,38.0318415,23.7157149,Αναστέλλει τη λειτουργία του μόνο το τμήμα Β1,2020-09-29 16:47:27.638902,8ο ΔΗΜΟΤΙΚΟ ΣΧΟΛΕΙΟ ΙΛΙΟΥ,"8ο ΔΗΜΟΤΙΚΟ ΣΧΟΛΕΙΟ ΙΛΙΟΥ,ΜΕΣΗΣ ΑΝΑΤΟΛΗΣ ΚΑΙ ΤΕΝΕΔΟΥ 1,ΙΛΙΟΥ (ΝΕΩΝ ΛΙΟΣΙΩΝ)",Επαναλειτουργία
ΣΑΡΑΝΤΟΠΟΡΟΥ 20,ΑΘΗΝΑΙΩΝ,01-10-2020,2020-10-01,"Sarantaporou 20, Athina 111 44, Greece",Τμήμα Στ1,38.0199927,23.733307999999997,Αναστέλλει τη λειτουργία του μόνο το τμήμα Στ1,2020-09-29 16:47:27.638902,24ο ΔΗΜΟΤΙΚΟ ΣΧΟΛΕΙΟ ΑΘΗΝΑΣ,"24ο ΔΗΜΟΤΙΚΟ ΣΧΟΛΕΙΟ ΑΘΗΝΑΣ,ΣΑΡΑΝΤΟΠΟΡΟΥ 20,ΑΘΗΝΑΙΩΝ",Επαναλειτουργία
ΒΑΘΥΚΛΕΟΥΣ 1,ΤΡΙΚΚΑΙΩΝ,29-09-2020,2020-09-29,"Vathikleous 1, Trikala 421 00, Greece",Τμήμα Γ-Μηχ. Της Γ Τάξης,39.5637001,21.776428399999997,Αναστέλλει τη λειτουργία του μόνο το τμήμα Γ-Μηχ. της Γ Τάξης,2020-09-29 16:47:27.638902,1ο ΕΣΠΕΡΙΝΟ ΕΠΑΛ ΤΡΙΚΑΛΩΝ,"1ο ΕΣΠΕΡΙΝΟ ΕΠΑΛ ΤΡΙΚΑΛΩΝ,ΒΑΘΥΚΛΕΟΥΣ 1,ΤΡΙΚΚΑΙΩΝ",Επαναλειτουργία
ΟΛΓΑΣ ΚΑΙ ΑΡΙΣΤΟΤΕΛΟΥΣ 9,ΔΑΦΝΗΣ - ΥΜΗΤΤΟΥ,01-10-2020,2020-10-01,"Aristotelous 9, Ag. Dimitrios 172 36, Greece",,37.9463714,23.7407885,,2020-09-29 16:47:27.638902,2ο ΝΗΠΙΑΓΩΓΕΙΟ ΔΑΦΝΗΣ,"2ο ΝΗΠΙΑΓΩΓΕΙΟ ΔΑΦΝΗΣ,ΟΛΓΑΣ ΚΑΙ ΑΡΙΣΤΟΤΕΛΟΥΣ 9,ΔΑΦΝΗΣ - ΥΜΗΤΤΟΥ",Επαναλειτουργία
ΕΘΝ. ΑΝΤΙΣΤΑΣΗΣ ΚΑΙ ΑΡΙΣΤΟΤΕΛΟΥΣ 9,ΔΑΦΝΗΣ - ΥΜΗΤΤΟΥ,30-09-2020,2020-09-30,"Leoforos Ethnikis Antistaseos ke Aristotelous, Dafni Imittos 172 36, Greece",Α Ταξη,37.946598,23.7402924,ΑΝΑΣΤΟΛΗ ΛΕΙΤΟΥΡΓΙΑΣ Α ΤΑΞΗΣ,2020-09-29 16:47:27.638902,7ο ΔΗΜΟΤΙΚΟ ΣΧΟΛΕΙΟ ΔΑΦΝΗΣ,"7ο ΔΗΜΟΤΙΚΟ ΣΧΟΛΕΙΟ ΔΑΦΝΗΣ,ΕΘΝ. ΑΝΤΙΣΤΑΣΗΣ ΚΑΙ ΑΡΙΣΤΟΤΕΛΟΥΣ 9,ΔΑΦΝΗΣ - ΥΜΗΤΤΟΥ",Επαναλειτουργία
ΣΗΣΤΟΥ 7-9,ΝΙΚΑΙΑΣ - ΑΓΙΟΥ Ι. ΡΕΝΤΗ,01-10-2020,2020-10-01,"Sistou 7, Nikea Agios Ioannis Rentis 184 54, Greece",Δ Ταξη,37.9696321,23.6559924,ΑΝΑΣΤΟΛΗ ΛΕΙΤΟΥΡΓΙΑΣ Δ ΤΑΞΗΣ,2020-09-29 16:47:27.638902,10ο ΔΗΜΟΤΙΚΟ ΣΧΟΛΕΙΟ ΝΙΚΑΙΑΣ,"10ο ΔΗΜΟΤΙΚΟ ΣΧΟΛΕΙΟ ΝΙΚΑΙΑΣ,ΣΗΣΤΟΥ 7-9,ΝΙΚΑΙΑΣ - ΑΓΙΟΥ Ι. ΡΕΝΤΗ",Επαναλειτουργία
ΡΗΓΑ ΦΕΡΑΙΟΥ 1,ΓΛΥΦΑΔΑΣ,30-09-2020,2020-09-30,"Riga Fereou 1, Glifada 166 74, Greece",Α Ταξη,37.861146399999996,23.7631047,ΑΝΑΣΤΟΛΗ ΛΕΙΤΟΥΡΓΙΑΣ Α ΤΑΞΗΣ,2020-09-29 16:47:27.638902,9ο ΔΗΜΟΤΙΚΟ ΣΧΟΛΕΙΟ ΓΛΥΦΑΔΑΣ,"9ο ΔΗΜΟΤΙΚΟ ΣΧΟΛΕΙΟ ΓΛΥΦΑΔΑΣ,ΡΗΓΑ ΦΕΡΑΙΟΥ 1,ΓΛΥΦΑΔΑΣ",Επαναλειτουργία
ΠΟΛΥΤΕΚΝΩΝ 12,ΙΛΙΟΥ (ΝΕΩΝ ΛΙΟΣΙΩΝ),30-09-2020,2020-09-30,"Politeknon 12, Ilion 131 22, Greece",Ταξεις Β Και Στ,38.023905600000006,23.7027997,ΑΝΑΣΤΟΛΗ ΛΕΙΤΟΥΡΓΙΑΣ ΤΑΞΕΩΝ Β ΚΑΙ ΣΤ,2020-09-29 16:47:27.638902,10ο ΔΗΜΟΤΙΚΟ ΣΧΟΛΕΙΟ ΙΛΙΟΥ,"10ο ΔΗΜΟΤΙΚΟ ΣΧΟΛΕΙΟ ΙΛΙΟΥ,ΠΟΛΥΤΕΚΝΩΝ 12,ΙΛΙΟΥ (ΝΕΩΝ ΛΙΟΣΙΩΝ)",Επαναλειτουργία
ΘΗΡΑΣ 45-47 & ΙΕΡΟΣΟΛΥΜΩΝ,ΑΘΗΝΑΙΩΝ,30-09-2020,2020-09-30,"Thiras 45-49, Athina 112 52, Greece",Τμήμα Γ3,38.0017828,23.731122199999998,Αναστέλλει τη λειτουργία του μόνο το τμήμα Γ3,2020-09-29 16:47:27.638902,19ο ΓΕΝΙΚΟ ΛΥΚΕΙΟ ΑΘΗΝΩΝ - ΑΘΗΝΑ ΠΑΛΛΑΔΑ,"19ο ΓΕΝΙΚΟ ΛΥΚΕΙΟ ΑΘΗΝΩΝ - ΑΘΗΝΑ ΠΑΛΛΑΔΑ,ΘΗΡΑΣ 45-47 & ΙΕΡΟΣΟΛΥΜΩΝ,ΑΘΗΝΑΙΩΝ",Επαναλειτουργία
ΕΥΕΛΠΙΔΩΝ 40,ΑΘΗΝΑΙΩΝ,30-09-2020,2020-09-30,"Evelpidon 40, Athina 113 62, Greece",Τμήμα Α2,37.996231,23.744929,Αναστέλλει τη λειτουργία του μόνο το τμήμα Α2,2020-09-29 16:47:27.638902,38ο ΓΥΜΝΑΣΙΟ ΑΘΗΝΩΝ,"38ο ΓΥΜΝΑΣΙΟ ΑΘΗΝΩΝ,ΕΥΕΛΠΙΔΩΝ 40,ΑΘΗΝΑΙΩΝ",Επαναλειτουργία
ΣΠΑΡΤΗΣ ΚΑΙ ΜΗΤΡΟΜΑΡΑΣ,ΑΧΑΡΝΩΝ,30-09-2020,2020-09-30,"Spartis ke Mitromara, Acharnes 136 72, Greece",Τμήμα Ε2,38.0920617,23.739258300000003,Αναστέλλει τη λειτουργία του μόνο το τμήμα Ε2,2020-09-29 16:47:27.638902,22ο ΔΗΜΟΤΙΚΟ ΣΧΟΛΕΙΟ ΑΧΑΡΝΩΝ,"22ο ΔΗΜΟΤΙΚΟ ΣΧΟΛΕΙΟ ΑΧΑΡΝΩΝ,ΣΠΑΡΤΗΣ ΚΑΙ ΜΗΤΡΟΜΑΡΑΣ,ΑΧΑΡΝΩΝ",Επαναλειτουργία
ΚΙΛΚΙΣ 1 & Λ. ΣΑΛΑΜΙΝΑΣ 19,ΠΑΛΟΥΚΙΑ ΣΑΛΑΜΙΝΟΣ,30-09-2020,2020-09-30,"Paloukia, Greece",,37.96443970000001,23.5194615,,2020-09-29 16:47:27.638902,ΕΙΔΙΚΟ ΔΗΜΟΤΙΚΟ ΣΧΟΛΕΙΟ ΣΑΛΑΜΙΝΑΣ,ΠΑΛΟΥΚΙΑ ΣΑΛΑΜΙΝΟΣ,Επαναλειτουργία
ΜΟΣΧΟΝΗΣΙΩΝ 23,ΑΙΓΑΛΕΩ,08-10-2020,2020-10-08,"Moschonision 23-39, Egaleo 122 42, Greece",Τμήμα Α3,37.99426,23.680295,Αναστέλλει τη λειτουργία του μόνο το τμήμα Α3,2020-09-26 13:30:27.252015,1ο ΓΥΜΝΑΣΙΟ ΑΙΓΑΛΕΩ,"1ο ΓΥΜΝΑΣΙΟ ΑΙΓΑΛΕΩ,ΜΟΣΧΟΝΗΣΙΩΝ 23,ΑΙΓΑΛΕΩ",Μερική αναστολή
ΚΟΛΟΚΟΤΡΩΝΗ 101,ΚΡΩΠΙΑΣ,02-10-2020,2020-10-02,"Kolokotroni 101, Koropi 194 00, Greece",Τμήμα A4,37.8957435,23.8697572,Αναστέλλει τη λειτουργία του μόνο το τμήμα A4,2020-09-26 13:30:27.252015,1ο ΕΠΑΛ ΚΟΡΩΠΙΟΥ,"1ο ΕΠΑΛ ΚΟΡΩΠΙΟΥ,ΚΟΛΟΚΟΤΡΩΝΗ 101,ΚΡΩΠΙΑΣ",Μερική αναστολή
ΠΑΛΑΙΟΛΟΓΟΥ ΚΑΙ ΒΟΣΠΟΡΟΥ,ΚΕΡΑΤΣΙΝΙΟΥ - ΔΡΑΠΕΤΣΩΝΑΣ,30-09-2020,2020-09-30,"Vosporou, Keratsini 187 55, Greece",Τμήμα Στ2,37.952504499999996,23.6138044,Αναστέλλει τη λειτουργία του μόνο το τμήμα ΣΤ2,2020-09-26 13:30:27.252015,13ο ΔΗΜΟΤΙΚΟ ΣΧΟΛΕΙΟ ΚΕΡΑΤΣΙΝΙΟΥ,"13ο ΔΗΜΟΤΙΚΟ ΣΧΟΛΕΙΟ ΚΕΡΑΤΣΙΝΙΟΥ,ΠΑΛΑΙΟΛΟΓΟΥ ΚΑΙ ΒΟΣΠΟΡΟΥ,ΚΕΡΑΤΣΙΝΙΟΥ - ΔΡΑΠΕΤΣΩΝΑΣ",Μερική αναστολή
ΠΥΘΑΓΟΡΑ 22 & Μ.ΑΛΕΞΑΝΔΡΟΥ,ΠΕΙΡΑΙΩΣ,28-09-2020,2020-09-28,"Pithagora 22, Pireas 185 33, Greece",Τμήμα Γ2,37.944353899999996,23.6595029,Αναστέλλει τη λειτουργία του μόνο το τμήμα Γ2,2020-09-26 13:30:27.252015,2ο ΗΜΕΡΗΣΙΟ ΓΥΜΝΑΣΙΟ ΠΕΙΡΑΙΑ,"2ο ΗΜΕΡΗΣΙΟ ΓΥΜΝΑΣΙΟ ΠΕΙΡΑΙΑ,ΠΥΘΑΓΟΡΑ 22 & Μ.ΑΛΕΞΑΝΔΡΟΥ,ΠΕΙΡΑΙΩΣ",Επαναλειτουργία
ΚΑΤΣΙΜΗΔΟΥ 5,ΤΡΙΚΚΑΙΩΝ,02-10-2020,2020-10-02,"Trikala 421 00, Greece",Τμήμα Γ2,39.55093249999999,21.7775188,Αναστέλλει τη λειτουργία του μόνο το τμήμα Γ2,2020-09-26 13:30:27.252015,2ο ΓΥΜΝΑΣΙΟ ΤΡΙΚΑΛΩΝ,"2ο ΓΥΜΝΑΣΙΟ ΤΡΙΚΑΛΩΝ,ΚΑΤΣΙΜΗΔΟΥ 5,ΤΡΙΚΚΑΙΩΝ",Μερική αναστολή
Λ.ΣΧΙΣΤΟΥ ΚΑΙ ΥΨΗΛΑΝΤΟΥ,ΚΕΡΑΤΣΙΝΙΟΥ - ΔΡΑΠΕΤΣΩΝΑΣ,27-09-2020,2020-09-27,"Λεωφόρος Σχιστού, Ipsilantou, Keratsini 187 58, Greece",Τμήμα Α3,37.96709310000001,23.6105801,Αναστέλλει τη λειτουργία του μόνο το τμήμα Α3,2020-09-26 13:30:27.252015,4ο ΓΥΜΝΑΣΙΟ ΚΕΡΑΤΣΙΝΙΟΥ,"4ο ΓΥΜΝΑΣΙΟ ΚΕΡΑΤΣΙΝΙΟΥ,Λ.ΣΧΙΣΤΟΥ ΚΑΙ ΥΨΗΛΑΝΤΟΥ,ΚΕΡΑΤΣΙΝΙΟΥ - ΔΡΑΠΕΤΣΩΝΑΣ",Επαναλειτουργία
Λ. ΠΑΝΕΠΙΣΤΗΜΙΟΥ 70,ΗΡΑΚΛΕΙΟΥ,27-09-2020,2020-09-27,"Panepistimiou 70, Agii Theodori 715 00, Greece",,35.295879299999996,25.0807253,,2020-09-26 13:30:27.252015,2ο ΔΗΜΟΤΙΚΟ ΣΧΟΛΕΙΟ ΒΟΥΤΩΝ,"2ο ΔΗΜΟΤΙΚΟ ΣΧΟΛΕΙΟ ΒΟΥΤΩΝ,Λ. ΠΑΝΕΠΙΣΤΗΜΙΟΥ 70,ΗΡΑΚΛΕΙΟΥ",Επαναλειτουργία
ΗΡΩΣ ΚΩΝΣΤΑΝΤΟΠΟΥΛΟΥ 13β,ΚΑΙΣΑΡΙΑΝΗΣ,27-09-2020,2020-09-27,"Iro Konstantopoulou 13Β, Kesariani 161 21, Greece",,37.9640286,23.7597558,,2020-09-26 13:30:27.252015,2ο ΓΕΝΙΚΟ ΛΥΚΕΙΟ ΚΑΙΣΑΡΙΑΝΗΣ,"2ο ΓΕΝΙΚΟ ΛΥΚΕΙΟ ΚΑΙΣΑΡΙΑΝΗΣ,ΗΡΩΣ ΚΩΝΣΤΑΝΤΟΠΟΥΛΟΥ 13β,ΚΑΙΣΑΡΙΑΝΗΣ",Επαναλειτουργία
ΠΑΤΡΩΝ ΚΑΙ ΖΑΪΜΗ 39,ΠΥΡΓΟΥ,27-09-2020,2020-09-27,"Patron 39, Pirgos 271 00, Greece",Τμήμα Β5,37.6749395,21.4345526,Αναστέλλει τη λειτουργία του μόνο το τμήμα Β5,2020-09-26 13:30:27.252015,2ο ΓΥΜΝΑΣΙΟ ΠΥΡΓΟΥ ΗΛΕΙΑΣ,"2ο ΓΥΜΝΑΣΙΟ ΠΥΡΓΟΥ ΗΛΕΙΑΣ,ΠΑΤΡΩΝ ΚΑΙ ΖΑΪΜΗ 39,ΠΥΡΓΟΥ",Επαναλειτουργία
