,Electoral District (name),Electoral District (Latin name),Geographical Code,LAU Code,Municipality (name),Municipality (Latin name),Registration (number of people),Total Vote  (number of people),Total Vote in %,Voter Abstention (number of people),Voter Abstention in %,Blank votes (number of people),Blank votes in %,Null votes (number of people),Null votes in %,Political party winner,Political party winner (Latin),Political party winner - Nº of voters,Political party winner - % of voters,Year
0,Εκλ. Περιφέρεια Φλώρινας,Electoral District of Florina,1703.0,,Δήμος Πρεσπών,Municipality of Prespes,6681,1265,18.93,5416,81.07,4,0.32,5,0.4,ΝΕΑ ΔΗΜΟΚΡΑΤΙΑ,New Democracy,585,46.58,2023
1,Εκλ. Περιφέρεια Λέσβου,Electoral District of Lesvos,5502.0,55020000.0,Δήμος Αγίου Ευστρατίου,Municipality of Aghios Efstratios,903,192,21.26,711,78.74,3,1.56,0,,ΝΕΑ ΔΗΜΟΚΡΑΤΙΑ,New Democracy,99,52.38,2023
2,Εκλ. Περιφέρεια Δωδεκανήσου,Electoral District of Dodecanese,6902.0,69020000.0,Δήμος Μεγίστης,Municipality of Megisti,1953,533,27.29,1420,72.71,2,0.38,7,1.31,ΝΕΑ ΔΗΜΟΚΡΑΤΙΑ,New Democracy,236,45.04,2023
3,Εκλ. Περιφέρεια Δωδεκανήσου,Electoral District of Dodecanese,6402.0,,Δήμος Νισύρου,Municipality of Nissyros,2165,637,29.42,1528,70.58,4,0.63,6,0.94,ΝΕΑ ΔΗΜΟΚΡΑΤΙΑ,New Democracy,213,33.97,2023
4,Εκλ. Περιφέρεια Καστοριάς,Electoral District of Kastoria,1602.0,16020101.0,Δήμος Νεστορίου,Municipality of Nestorio,7390,2231,30.19,5159,69.81,4,0.18,9,0.4,ΝΕΑ ΔΗΜΟΚΡΑΤΙΑ,New Democracy,1077,48.56,2023
5,Εκλ. Περιφέρεια Κεφαλληνίας,Electoral District of Keffalonia,3401.0,34010001.0,Δήμος Ιθάκης,Municipality of Ithaki,5582,1689,30.26,3893,69.74,8,0.47,8,0.47,ΝΕΑ ΔΗΜΟΚΡΑΤΙΑ,New Democracy,582,34.79,2023
6,Εκλ. Περιφέρεια Χίου,Electoral District of Chios,5702.0,57020000.0,Δήμος Οινουσσών,Municipality of Inousses,1381,422,30.56,959,69.44,6,1.42,1,0.24,ΝΕΑ ΔΗΜΟΚΡΑΤΙΑ,New Democracy,234,56.39,2023
7,Εκλ. Περιφέρεια Δωδεκανήσου,Electoral District of Dodecanese,6903.0,69030000.0,Δήμος Σύμης,Municipality of Symi,4527,1393,30.77,3134,69.23,11,0.79,25,1.79,ΝΕΑ ΔΗΜΟΚΡΑΤΙΑ,New Democracy,534,39.35,2023
8,Εκλ. Περιφέρεια Καρδίτσας,Electoral District of Karditsa,2302.0,23020102.0,Δήμος Αργιθέας,Municipality of Argithea,6360,1961,30.83,4399,69.17,3,0.15,13,0.66,ΝΕΑ ΔΗΜΟΚΡΑΤΙΑ,New Democracy,982,50.49,2023
9,Εκλ. Περιφέρεια Α' Πειραιώς,Electoral District of Piraeus A,5205.0,52050101.0,Δήμος Κυθήρων,Municipality of Kythira,7004,2170,30.98,4834,69.02,12,0.55,15,0.69,ΝΕΑ ΔΗΜΟΚΡΑΤΙΑ,New Democracy,925,43.16,2023
10,Εκλ. Περιφέρεια Δωδεκανήσου,Electoral District of Dodecanese,6104.0,61040000.0,Δήμος Λειψών,Municipality of Lipsi,1229,381,31.0,848,69.0,2,0.52,2,0.52,ΝΕΑ ΔΗΜΟΚΡΑΤΙΑ,New Democracy,177,46.95,2023
11,Εκλ. Περιφέρεια Φλώρινας,Electoral District of Florina,1701.0,,Δήμος Φλώρινας,Municipality of Florina,55386,17271,31.18,38115,68.82,104,0.6,97,0.56,ΝΕΑ ΔΗΜΟΚΡΑΤΙΑ,New Democracy,5853,34.29,2023
12,Εκλ. Περιφέρεια Κεφαλληνίας,Electoral District of Keffalonia,3503.0,35030101.0,Δήμος Σάμης,Municipality of Sami,9323,3181,34.12,6142,65.88,14,0.44,21,0.66,ΝΕΑ ΔΗΜΟΚΡΑΤΙΑ,New Democracy,1267,40.27,2023
13,Εκλ. Περιφέρεια Δωδεκανήσου,Electoral District of Dodecanese,6202.0,,Δήμος Ηρωικής Νήσου Κάσου,Municipality of Kassos,1932,665,34.42,1267,65.58,3,0.45,3,0.45,ΝΕΑ ΔΗΜΟΚΡΑΤΙΑ,New Democracy,354,53.72,2023
14,Εκλ. Περιφέρεια Δωδεκανήσου,Electoral District of Dodecanese,6101.0,61010000.0,Δήμος Καλυμνίων,Municipality of Kalymnos,21878,7717,35.27,14161,64.73,28,0.36,59,0.76,ΝΕΑ ΔΗΜΟΚΡΑΤΙΑ,New Democracy,3581,46.93,2023
15,Εκλ. Περιφέρεια Λέσβου,Electoral District of Lesvos,5501.0,,Δήμος Λήμνου,Municipality of Lemnos,24210,8653,35.74,15557,64.26,67,0.77,64,0.74,ΝΕΑ ΔΗΜΟΚΡΑΤΙΑ,New Democracy,3634,42.64,2023
16,Εκλ. Περιφέρεια Ιωαννίνων,Electoral District of Ioannina,1808.0,,Δήμος Πωγωνίου,Municipality of Pogonio,14413,5191,36.02,9222,63.98,20,0.39,35,0.67,ΝΕΑ ΔΗΜΟΚΡΑΤΙΑ,New Democracy,2067,40.25,2023
17,Εκλ. Περιφέρεια Λακωνίας,Electoral District of Laconia,4301.0,,Δήμος Σπάρτης,Municipality of Sparti,49934,18000,36.05,31934,63.95,81,0.45,119,0.66,ΝΕΑ ΔΗΜΟΚΡΑΤΙΑ,New Democracy,7673,43.11,2023
18,Εκλ. Περιφέρεια Λακωνίας,Electoral District of Laconia,4302.0,,Δήμος Ανατολικής Μάνης,Municipality of East Mani,20447,7481,36.59,12966,63.41,32,0.43,35,0.47,ΝΕΑ ΔΗΜΟΚΡΑΤΙΑ,New Democracy,4051,54.64,2023
19,Εκλ. Περιφέρεια Δωδεκανήσου,Electoral District of Dodecanese,6905.0,69050000.0,Δήμος Χάλκης,Municipality of Chalki,904,333,36.84,571,63.16,0,,0,,ΝΕΑ ΔΗΜΟΚΡΑΤΙΑ,New Democracy,186,55.86,2023
20,Εκλ. Περιφέρεια Ιωαννίνων,Electoral District of Ioannina,1806.0,,Δήμος Κόνιτσας,Municipality of Konitsa,11052,4077,36.89,6975,63.11,16,0.39,26,0.64,ΝΕΑ ΔΗΜΟΚΡΑΤΙΑ,New Democracy,1534,38.02,2023
21,Εκλ. Περιφέρεια Θεσπρωτίας,Electoral District of Thesprotia,2003.0,20030101.0,Δήμος Φιλιατών,Municipality of Filiates,13978,5200,37.2,8778,62.8,25,0.48,33,0.63,ΝΕΑ ΔΗΜΟΚΡΑΤΙΑ,New Democracy,2320,45.12,2023
22,Εκλ. Περιφέρεια Ευρυτανίας,Electoral District of Evrytania,3002.0,30020201.0,Δήμος Αγράφων,Municipality of Agrafa,10244,3876,37.84,6368,62.16,19,0.49,26,0.67,ΝΕΑ ΔΗΜΟΚΡΑΤΙΑ,New Democracy,1706,44.53,2023
23,Εκλ. Περιφέρεια Σερρών,Electoral District of Serres,1207.0,,Δήμος Σιντικής,Municipality of Sintiki,37160,14200,38.21,22960,61.79,53,0.37,83,0.58,ΝΕΑ ΔΗΜΟΚΡΑΤΙΑ,New Democracy,6581,46.79,2023
24,Εκλ. Περιφέρεια Δωδεκανήσου,Electoral District of Dodecanese,6904.0,,Δήμος Τήλου,Municipality of Tilos,1170,448,38.29,722,61.71,2,0.45,4,0.89,ΝΕΑ ΔΗΜΟΚΡΑΤΙΑ,New Democracy,199,45.02,2023
25,Εκλ. Περιφέρεια Λέσβου,Electoral District of Lesvos,5302.0,,Δήμος Δυτικής Λέσβου,Municipality of West Lesvos,40410,15572,38.54,24838,61.46,106,0.68,116,0.74,ΝΕΑ ΔΗΜΟΚΡΑΤΙΑ,New Democracy,6012,39.17,2023
26,Εκλ. Περιφέρεια Αρκαδίας,Electoral District of Arcadia,4003.0,,Δήμος Γορτυνίας,Municipality of Gortynia,21364,8276,38.74,13088,61.26,39,0.47,51,0.62,ΝΕΑ ΔΗΜΟΚΡΑΤΙΑ,New Democracy,3476,42.46,2023
27,Εκλ. Περιφέρεια Έβρου,Electoral District of Evros,302.0,3020101.0,Δήμος Διδυμοτείχου,Municipality of Didymoticho,28553,11098,38.87,17455,61.13,79,0.71,100,0.9,ΝΕΑ ΔΗΜΟΚΡΑΤΙΑ,New Democracy,5308,48.61,2023
28,Εκλ. Περιφέρεια Δράμας,Electoral District of Drama,204.0,2040101.0,Δήμος Παρανεστίου,Municipality of Paranesti,8051,3171,39.39,4880,60.61,14,0.44,20,0.63,ΝΕΑ ΔΗΜΟΚΡΑΤΙΑ,New Democracy,1439,45.87,2023
29,Εκλ. Περιφέρεια Κεφαλληνίας,Electoral District of Keffalonia,3501.0,35010101.0,Δήμος Αργοστολίου,Municipality of Argostoli,27780,11015,39.65,16765,60.35,71,0.64,63,0.57,ΝΕΑ ΔΗΜΟΚΡΑΤΙΑ,New Democracy,4361,40.08,2023
30,Εκλ. Περιφέρεια Δράμας,Electoral District of Drama,203.0,2030001.0,Δήμος Κάτω Νευροκοπίου,Municipality of Kato Nevrokopi,11481,4585,39.94,6896,60.06,20,0.44,29,0.63,ΝΕΑ ΔΗΜΟΚΡΑΤΙΑ,New Democracy,1960,43.21,2023
31,Εκλ. Περιφέρεια Κεφαλληνίας,Electoral District of Keffalonia,3502.0,35020101.0,Δήμος Ληξουρίου,Municipality of Lixouri,9834,3930,39.96,5904,60.04,23,0.59,31,0.79,ΝΕΑ ΔΗΜΟΚΡΑΤΙΑ,New Democracy,1228,31.68,2023
32,Εκλ. Περιφέρεια Δωδεκανήσου,Electoral District of Dodecanese,6201.0,62010101.0,Δήμος Καρπάθου,Municipality of Karpathos,8335,3334,40.0,5001,60.0,19,0.57,17,0.51,ΝΕΑ ΔΗΜΟΚΡΑΤΙΑ,New Democracy,1628,49.36,2023
33,Εκλ. Περιφέρεια Ευρυτανίας,Electoral District of Evrytania,3001.0,30010101.0,Δήμος Καρπενησίου,Municipality of Karpenissi,16950,6792,40.07,10158,59.93,36,0.53,49,0.72,ΝΕΑ ΔΗΜΟΚΡΑΤΙΑ,New Democracy,2551,38.03,2023
34,Εκλ. Περιφέρεια Μεσσηνίας,Electoral District of Messinia,4404.0,44040506.0,Δήμος Οιχαλίας,Municipality of Ichalia,17922,7187,40.1,10735,59.9,23,0.32,34,0.47,ΝΕΑ ΔΗΜΟΚΡΑΤΙΑ,New Democracy,3278,45.97,2023
35,Εκλ. Περιφέρεια Λακωνίας,Electoral District of Laconia,4305.0,43050501.0,Δήμος Μονεμβασίας,Municipality of Monemvassia,25801,10448,40.49,15353,59.51,41,0.39,54,0.52,ΝΕΑ ΔΗΜΟΚΡΑΤΙΑ,New Democracy,5332,51.5,2023
36,Εκλ. Περιφέρεια Λακωνίας,Electoral District of Laconia,4303.0,43030000.0,Δήμος Ελαφονήσου,Municipality of Elafonissos,1295,530,40.93,765,59.07,3,0.57,5,0.94,ΝΕΑ ΔΗΜΟΚΡΑΤΙΑ,New Democracy,233,44.64,2023
37,Εκλ. Περιφέρεια Κυκλάδων,Electoral District of Cyclades,6003.0,60030000.0,Δήμος Ιητών,Municipality of Ios,2325,960,41.29,1365,58.71,4,0.42,11,1.15,ΝΕΑ ΔΗΜΟΚΡΑΤΙΑ,New Democracy,476,50.37,2023
38,Εκλ. Περιφέρεια Αρκαδίας,Electoral District of Arcadia,4004.0,,Δήμος Μεγαλόπολης,Municipality of Megalopoli,15599,6464,41.44,9135,58.56,32,0.5,62,0.96,ΝΕΑ ΔΗΜΟΚΡΑΤΙΑ,New Democracy,2380,37.36,2023
39,Εκλ. Περιφέρεια Χανίων,Electoral District of Chania,7403.0,74030000.0,Δήμος Γαύδου,Municipality of Gavdos,263,109,41.44,154,58.56,1,0.92,0,,ΝΕΑ ΔΗΜΟΚΡΑΤΙΑ,New Democracy,54,50.0,2023
40,Εκλ. Περιφέρεια Σερρών,Electoral District of Serres,1205.0,12050101.0,Δήμος Ηράκλειας,Municipality of Iraklia,28882,12045,41.7,16837,58.3,44,0.37,78,0.65,ΝΕΑ ΔΗΜΟΚΡΑΤΙΑ,New Democracy,5595,46.93,2023
41,Εκλ. Περιφέρεια Φλώρινας,Electoral District of Florina,1702.0,17020101.0,Δήμος Αμυνταίου,Municipality of Amynteo,24453,10219,41.79,14234,58.21,44,0.43,59,0.58,ΝΕΑ ΔΗΜΟΚΡΑΤΙΑ,New Democracy,3327,32.89,2023
42,Εκλ. Περιφέρεια Έβρου,Electoral District of Evros,304.0,3040000.0,Δήμος Σαμοθράκης,Municipality of Samothraki,4068,1706,41.94,2362,58.06,14,0.82,30,1.76,ΝΕΑ ΔΗΜΟΚΡΑΤΙΑ,New Democracy,652,39.23,2023
43,Εκλ. Περιφέρεια Μεσσηνίας,Electoral District of Messinia,4405.0,,Δήμος Πύλου – Νέστορος,Municipality of Pylos - Nestor,27332,11535,42.2,15797,57.8,46,0.4,74,0.64,ΝΕΑ ΔΗΜΟΚΡΑΤΙΑ,New Democracy,4738,41.51,2023
44,Εκλ. Περιφέρεια Αχαΐας,Electoral District of Achaea,3705.0,37050101.0,Δήμος Καλαβρύτων,Municipality of Kalavryta,16825,7158,42.54,9667,57.46,29,0.41,40,0.56,ΝΕΑ ΔΗΜΟΚΡΑΤΙΑ,New Democracy,2860,40.34,2023
45,Εκλ. Περιφέρεια Αρκαδίας,Electoral District of Arcadia,4001.0,,Δήμος Τρίπολης,Municipality of Tripoli,57975,24785,42.75,33190,57.25,121,0.49,162,0.65,ΝΕΑ ΔΗΜΟΚΡΑΤΙΑ,New Democracy,9769,39.87,2023
46,Εκλ. Περιφέρεια Δράμας,Electoral District of Drama,205.0,2050101.0,Δήμος Προσοτσάνης,Municipality of Prossotsani,21630,9255,42.79,12375,57.21,46,0.5,56,0.61,ΝΕΑ ΔΗΜΟΚΡΑΤΙΑ,New Democracy,3676,40.16,2023
47,Εκλ. Περιφέρεια Λευκάδας,Electoral District of Lefkada,3602.0,,Δήμος Μεγανησίου,Municipality of Meganissi,1877,804,42.83,1073,57.17,6,0.75,10,1.24,ΝΕΑ ΔΗΜΟΚΡΑΤΙΑ,New Democracy,312,39.59,2023
48,Εκλ. Περιφέρεια Κυκλάδων,Electoral District of Cyclades,6502.0,65020000.0,Δήμος Κιμώλου,Municipality of Kimolos,1415,608,42.97,807,57.03,4,0.66,3,0.49,ΝΕΑ ΔΗΜΟΚΡΑΤΙΑ,New Democracy,286,47.59,2023
49,Εκλ. Περιφέρεια Αιτωλοακαρνανίας,Electoral District of Aitoloakarnania,3805.0,38050001.0,Δήμος Θέρμου,Municipality of Thermo,9268,3985,43.0,5283,57.0,19,0.48,25,0.63,ΝΕΑ ΔΗΜΟΚΡΑΤΙΑ,New Democracy,1562,39.63,2023
50,Εκλ. Περιφέρεια Κυκλάδων,Electoral District of Cyclades,6002.0,60020000.0,Δήμος Ανάφης,Municipality of Anafi,506,218,43.08,288,56.92,1,0.46,1,0.46,ΝΕΑ ΔΗΜΟΚΡΑΤΙΑ,New Democracy,95,43.98,2023
51,Εκλ. Περιφέρεια Ροδόπης,Electoral District of Rodopi,103.0,1030101.0,Δήμος Ιάσμου,Municipality of Iasmos,20300,8836,43.53,11464,56.47,59,0.67,111,1.26,ΣΥΡΙΖΑ,SYRIZA,4752,54.83,2023
52,Εκλ. Περιφέρεια Ξάνθης,Electoral District of Xanthi,601.0,6010101.0,Δήμος Ξάνθης,Municipality of Xanthi,55449,24156,43.56,31293,56.44,143,0.59,200,0.83,ΝΕΑ ΔΗΜΟΚΡΑΤΙΑ,New Democracy,8290,34.81,2023
53,Εκλ. Περιφέρεια Σάμου,Electoral District of Samos,5602.0,,Δήμος Δυτικής Σάμου,Municipality of West Samos,13753,6005,43.66,7748,56.34,37,0.62,48,0.8,ΝΕΑ ΔΗΜΟΚΡΑΤΙΑ,New Democracy,2163,36.54,2023
54,Εκλ. Περιφέρεια Λακωνίας,Electoral District of Laconia,4304.0,,Δήμος Ευρώτα,Municipality of Evrotas,22030,9636,43.74,12394,56.26,34,0.35,48,0.5,ΝΕΑ ΔΗΜΟΚΡΑΤΙΑ,New Democracy,4457,46.65,2023
55,Εκλ. Περιφέρεια Σάμου,Electoral District of Samos,5601.0,,Δήμος Ανατολικής Σάμου,Municipality of East Samos,22599,9898,43.8,12701,56.2,89,0.9,86,0.87,ΝΕΑ ΔΗΜΟΚΡΑΤΙΑ,New Democracy,4284,44.06,2023
56,Εκλ. Περιφέρεια Τρικάλων,Electoral District of Triakala,2604.0,,Δήμος Φαρκαδόνας,Municipality of Farkadona,17920,7867,43.9,10053,56.1,35,0.44,71,0.9,ΝΕΑ ΔΗΜΟΚΡΑΤΙΑ,New Democracy,3180,40.97,2023
57,Εκλ. Περιφέρεια Έβρου,Electoral District of Evros,303.0,,Δήμος Ορεστιάδας,Municipality of Orestiada,43778,19259,43.99,24519,56.01,114,0.59,157,0.82,ΝΕΑ ΔΗΜΟΚΡΑΤΙΑ,New Democracy,8938,47.07,2023
58,Εκλ. Περιφέρεια Κοζάνης,Electoral District of Kozani,1402.0,,Δήμος Βοΐου,Municipality of Voio,26682,11741,44.0,14941,56.0,73,0.62,76,0.65,ΝΕΑ ΔΗΜΟΚΡΑΤΙΑ,New Democracy,5031,43.4,2023
59,Εκλ. Περιφέρεια Κυκλάδων,Electoral District of Cyclades,5901.0,59010101.0,Δήμος Άνδρου,Municipality of Andros,12001,5302,44.18,6699,55.82,34,0.64,31,0.58,ΝΕΑ ΔΗΜΟΚΡΑΤΙΑ,New Democracy,2808,53.62,2023
60,Εκλ. Περιφέρεια Λέσβου,Electoral District of Lesvos,5301.0,53010101.0,Δήμος Μυτιλήνης,Municipality of Mytilini,60914,26963,44.26,33951,55.74,171,0.63,253,0.94,ΝΕΑ ΔΗΜΟΚΡΑΤΙΑ,New Democracy,10491,39.53,2023
61,Εκλ. Περιφέρεια Θεσπρωτίας,Electoral District of Thesprotia,2002.0,,Δήμος Σουλίου,Municipality of Souli,16394,7281,44.41,9113,55.59,28,0.38,31,0.43,ΝΕΑ ΔΗΜΟΚΡΑΤΙΑ,New Democracy,3156,43.7,2023
62,Εκλ. Περιφέρεια Αιτωλοακαρνανίας,Electoral District of Aitoloakarnania,3807.0,,Δήμος Ξηρομέρου,Municipaity of Xiromero,16199,7208,44.5,8991,55.5,23,0.32,45,0.62,ΝΕΑ ΔΗΜΟΚΡΑΤΙΑ,New Democracy,2861,40.07,2023
63,Εκλ. Περιφέρεια Ροδόπης,Electoral District of Rodopi,104.0,,Δήμος Μαρωνείας – Σαπών,Municipality of Maronia - Sapes,21263,9472,44.55,11791,55.45,82,0.87,94,0.99,ΝΕΑ ΔΗΜΟΚΡΑΤΙΑ,New Democracy,3103,33.38,2023
64,Εκλ. Περιφέρεια Ηλείας,Electoral District of Ilia,3907.0,,Δήμος Πηνειού,Municipality of Pinios,16614,7417,44.64,9197,55.36,31,0.42,68,0.92,ΝΕΑ ΔΗΜΟΚΡΑΤΙΑ,New Democracy,2799,38.25,2023
65,Εκλ. Περιφέρεια Δωδεκανήσου,Electoral District of Dodecanese,6105.0,61050000.0,Δήμος Λέρου,Municipality of Leros,9056,4054,44.77,5002,55.23,39,0.96,55,1.36,ΝΕΑ ΔΗΜΟΚΡΑΤΙΑ,New Democracy,1941,49.02,2023
66,Εκλ. Περιφέρεια Καστοριάς,Electoral District of Kastoria,1601.0,16010101.0,Δήμος Καστοριάς,Municipality of Kastoria,39918,18080,45.29,21838,54.71,116,0.64,112,0.62,ΝΕΑ ΔΗΜΟΚΡΑΤΙΑ,New Democracy,8103,45.39,2023
67,Εκλ. Περιφέρεια Μεσσηνίας,Electoral District of Messinia,4406.0,,Δήμος Τριφυλίας,Municipality of Trifylia,30793,13953,45.31,16840,54.69,49,0.35,47,0.34,ΝΕΑ ΔΗΜΟΚΡΑΤΙΑ,New Democracy,6383,46.06,2023
68,Εκλ. Περιφέρεια Πρέβεζας,Electoral District of Preveza,2103.0,21030201.0,Δήμος Πάργας,Municipality of Parga,16141,7315,45.32,8826,54.68,35,0.48,50,0.68,ΝΕΑ ΔΗΜΟΚΡΑΤΙΑ,New Democracy,3172,43.87,2023
69,Εκλ. Περιφέρεια Χίου,Electoral District of Chios,5701.0,57010101.0,Δήμος Χίου,Municipality of Chios,59242,26896,45.4,32346,54.6,164,0.61,200,0.74,ΝΕΑ ΔΗΜΟΚΡΑΤΙΑ,New Democracy,12161,45.84,2023
70,Εκλ. Περιφέρεια Ηλείας,Electoral District of Ilia,3904.0,,Δήμος Ανδρίτσαινας – Κρεστένων,Municipality of Andritsena - Krestena,14215,6462,45.46,7753,54.54,25,0.39,51,0.79,ΝΕΑ ΔΗΜΟΚΡΑΤΙΑ,New Democracy,2490,38.99,2023
71,Εκλ. Περιφέρεια Θεσπρωτίας,Electoral District of Thesprotia,2001.0,,Δήμος Ηγουμενίτσας,Municipality of Igoumenitsa,29409,13399,45.56,16010,54.44,61,0.46,86,0.64,ΝΕΑ ΔΗΜΟΚΡΑΤΙΑ,New Democracy,5669,42.78,2023
72,Εκλ. Περιφέρεια Σερρών,Electoral District of Serres,1204.0,12040104.0,Δήμος Εμμανουήλ Παππά,Municipality of Emmanuel Pappas,21326,9745,45.7,11581,54.3,49,0.5,61,0.63,ΝΕΑ ΔΗΜΟΚΡΑΤΙΑ,New Democracy,4394,45.6,2023
73,Εκλ. Περιφέρεια Δωδεκανήσου,Electoral District of Dodecanese,6102.0,61020000.0,Δήμος Αγαθονησίου,Municipality of Agathonissi,293,134,45.73,159,54.27,1,0.75,2,1.49,ΝΕΑ ΔΗΜΟΚΡΑΤΙΑ,New Democracy,65,49.62,2023
74,Εκλ. Περιφέρεια Ξάνθης,Electoral District of Xanthi,602.0,6020201.0,Δήμος Αβδήρων,Municipality of Avdira,27819,12757,45.86,15062,54.14,87,0.68,104,0.82,ΝΕΑ ΔΗΜΟΚΡΑΤΙΑ,New Democracy,4060,32.31,2023
75,Εκλ. Περιφέρεια Δράμας,Electoral District of Drama,202.0,2020204.0,Δήμος Δοξάτου,Municipality of Doxato,19336,8884,45.95,10452,54.05,38,0.43,61,0.69,ΝΕΑ ΔΗΜΟΚΡΑΤΙΑ,New Democracy,3500,39.84,2023
76,Εκλ. Περιφέρεια Άρτας,Electoral District of Arta,1902.0,,Δήμος Γεωργίου Καραϊσκάκη,Municipality of Georgios Karaiskakis,9181,4223,46.0,4958,54.0,19,0.45,41,0.97,ΝΕΑ ΔΗΜΟΚΡΑΤΙΑ,New Democracy,1775,42.64,2023
77,Εκλ. Περιφέρεια Μεσσηνίας,Electoral District of Messinia,4403.0,44030101.0,Δήμος Μεσσήνης,Municipality of Messini,33993,15716,46.23,18277,53.77,76,0.48,98,0.62,ΝΕΑ ΔΗΜΟΚΡΑΤΙΑ,New Democracy,6777,43.6,2023
78,Εκλ. Περιφέρεια Σάμου,Electoral District of Samos,5402.0,54020000.0,Δήμος Φούρνων Κορσεών,Municipality of Fourni Korseon,1695,784,46.25,911,53.75,3,0.38,4,0.51,ΝΕΑ ΔΗΜΟΚΡΑΤΙΑ,New Democracy,342,44.02,2023
79,Εκλ. Περιφέρεια Σερρών,Electoral District of Serres,1206.0,12060101.0,Δήμος Νέας Ζίχνης,Municipality of Nea Zichni,15376,7125,46.34,8251,53.66,31,0.44,55,0.77,ΝΕΑ ΔΗΜΟΚΡΑΤΙΑ,New Democracy,3364,47.79,2023
80,Εκλ. Περιφέρεια Κέρκυρας,Electoral District of Corfu,3201.0,,Δήμος Κεντρικής Κέρκυρας και Διαποντίων Νήσων,Municipality of Central Corfu,63869,29622,46.38,34247,53.62,171,0.58,161,0.54,ΝΕΑ ΔΗΜΟΚΡΑΤΙΑ,New Democracy,11193,38.21,2023
81,Εκλ. Περιφέρεια Έβρου,Electoral District of Evros,305.0,3050101.0,Δήμος Σουφλίου,Municipality of Soufli,19728,9171,46.49,10557,53.51,73,0.8,96,1.05,ΝΕΑ ΔΗΜΟΚΡΑΤΙΑ,New Democracy,3995,44.38,2023
82,Εκλ. Περιφέρεια Ηλείας,Electoral District of Ilia,3902.0,,Δήμος Ηλίδας,Municipality of Ilida,32432,15130,46.65,17302,53.35,52,0.34,91,0.6,ΝΕΑ ΔΗΜΟΚΡΑΤΙΑ,New Democracy,5055,33.73,2023
83,Εκλ. Περιφέρεια Κυκλάδων,Electoral District of Cyclades,6004.0,60040000.0,Δήμος Σικίνου,Municipality of Sikinos,405,189,46.67,216,53.33,5,2.65,3,1.59,ΝΕΑ ΔΗΜΟΚΡΑΤΙΑ,New Democracy,105,58.01,2023
84,Εκλ. Περιφέρεια Σερρών,Electoral District of Serres,1202.0,,Δήμος Αμφίπολης,Municipality of Amphipolis,13348,6231,46.68,7117,53.32,24,0.39,53,0.85,ΝΕΑ ΔΗΜΟΚΡΑΤΙΑ,New Democracy,3063,49.77,2023
85,Εκλ. Περιφέρεια Αρκαδίας,Electoral District of Arcadia,4005.0,,Δήμος Νότιας Κυνουρίας,Municipality of South Kynouria,9690,4532,46.77,5158,53.23,30,0.66,30,0.66,ΝΕΑ ΔΗΜΟΚΡΑΤΙΑ,New Democracy,2210,49.42,2023
86,Εκλ. Περιφέρεια Αιτωλοακαρνανίας,Electoral District of Aitoloakarnania,3806.0,,Δήμος Ναυπακτίας,Municipality of Nafpaktia,33459,15677,46.85,17782,53.15,62,0.4,125,0.8,ΝΕΑ ΔΗΜΟΚΡΑΤΙΑ,New Democracy,6472,41.78,2023
87,Εκλ. Περιφέρεια Κοζάνης,Electoral District of Kozani,1404.0,14040101.0,Δήμος Σερβίων,Municipality of Servia,17614,8264,46.92,9350,53.08,32,0.39,31,0.38,ΝΕΑ ΔΗΜΟΚΡΑΤΙΑ,New Democracy,3163,38.57,2023
88,Εκλ. Περιφέρεια Κέρκυρας,Electoral District of Corfu,3203.0,,Δήμος Βόρειας Κέρκυρας,Municipality of North Corfu,19186,9034,47.09,10152,52.91,47,0.52,37,0.41,ΝΕΑ ΔΗΜΟΚΡΑΤΙΑ,New Democracy,3356,37.5,2023
89,Εκλ. Περιφέρεια Μεσσηνίας,Electoral District of Messinia,4402.0,,Δήμος Δυτικής Μάνης,Municipality of West Mani,9084,4288,47.2,4796,52.8,22,0.51,35,0.82,ΝΕΑ ΔΗΜΟΚΡΑΤΙΑ,New Democracy,1944,45.95,2023
90,Εκλ. Περιφέρεια Φωκίδας,Electoral District of Fokida,3102.0,,Δήμος Δωρίδος,Municipality of Doris,15268,7208,47.21,8060,52.79,33,0.46,36,0.5,ΝΕΑ ΔΗΜΟΚΡΑΤΙΑ,New Democracy,3497,48.98,2023
91,Εκλ. Περιφέρεια Κυκλάδων,Electoral District of Cyclades,6503.0,65030000.0,Δήμος Σερίφου,Municipality of Serifos,1932,915,47.36,1017,52.64,4,0.44,6,0.66,ΝΕΑ ΔΗΜΟΚΡΑΤΙΑ,New Democracy,389,42.98,2023
92,Εκλ. Περιφέρεια Λευκάδας,Electoral District of Lefkada,3601.0,,Δήμος Λευκάδας,Municipality of Lefkada,25720,12201,47.44,13519,52.56,82,0.67,89,0.73,ΝΕΑ ΔΗΜΟΚΡΑΤΙΑ,New Democracy,5066,42.11,2023
93,Εκλ. Περιφέρεια Ιωαννίνων,Electoral District of Ioannina,1803.0,18030201.0,Δήμος Δωδώνης,Municipality of Dodoni,16768,7956,47.45,8812,52.55,33,0.41,51,0.64,ΝΕΑ ΔΗΜΟΚΡΑΤΙΑ,New Democracy,3404,43.24,2023
94,Εκλ. Περιφέρεια Χίου,Electoral District of Chios,5703.0,,Δήμος Ηρωικής Νήσου Ψαρών,Municipality of Psara,571,271,47.46,300,52.54,2,0.74,0,,ΝΕΑ ΔΗΜΟΚΡΑΤΙΑ,New Democracy,128,47.58,2023
95,Εκλ. Περιφέρεια Ιωαννίνων,Electoral District of Ioannina,1802.0,,Δήμος Βορείων Τζουμέρκων,Municipality of North Tzoumerka,8766,4168,47.55,4598,52.45,22,0.53,33,0.79,ΝΕΑ ΔΗΜΟΚΡΑΤΙΑ,New Democracy,1290,31.36,2023
96,Εκλ. Περιφέρεια Ευβοίας,Electoral District of Euboea,2905.0,29050101.0,Δήμος Καρύστου,Municipality of Karystos,14900,7096,47.62,7804,52.38,34,0.48,54,0.76,ΝΕΑ ΔΗΜΟΚΡΑΤΙΑ,New Democracy,2889,41.22,2023
97,Εκλ. Περιφέρεια Κοζάνης,Electoral District of Kozani,1405.0,14050101.0,Δήμος Βελβεντού,Municipality of Velvendos,4430,2111,47.65,2319,52.35,6,0.28,12,0.57,ΝΕΑ ΔΗΜΟΚΡΑΤΙΑ,New Democracy,763,36.45,2023
98,Εκλ. Περιφέρεια Καβάλας,Electoral District of Kavala,502.0,,Δήμος Νέστου,Municipality of Nestos,25356,12084,47.66,13272,52.34,43,0.36,80,0.66,ΝΕΑ ΔΗΜΟΚΡΑΤΙΑ,New Democracy,5550,46.4,2023
99,Εκλ. Περιφέρεια Δωδεκανήσου,Electoral District of Dodecanese,6103.0,61030000.0,Δήμος Αστυπάλαιας,Municipality of Astypalea,1941,925,47.66,1016,52.34,2,0.22,4,0.43,ΝΕΑ ΔΗΜΟΚΡΑΤΙΑ,New Democracy,489,53.21,2023
100,Εκλ. Περιφέρεια Σερρών,Electoral District of Serres,1203.0,,Δήμος Βισαλτίας,Municipality of Visaltia,27800,13309,47.87,14491,52.13,57,0.43,92,0.69,ΝΕΑ ΔΗΜΟΚΡΑΤΙΑ,New Democracy,6184,46.99,2023
101,Εκλ. Περιφέρεια Σάμου,Electoral District of Samos,5401.0,,Δήμος Ικαρίας,Municipality of Ikaria,11190,5358,47.88,5832,52.12,16,0.3,19,0.35,KKE,Communist Party of Greece,1909,35.86,2023
102,Εκλ. Περιφέρεια Α' Αθηνών,Electoral District of Athens A,4501.0,45010000.0,Δήμος Αθηναίων,Municipality of Athens,459173,220238,47.96,238935,52.04,1168,0.53,1178,0.53,ΝΕΑ ΔΗΜΟΚΡΑΤΙΑ,New Democracy,94406,43.33,2023
103,Εκλ. Περιφέρεια Ξάνθης,Electoral District of Xanthi,604.0,,Δήμος Τοπείρου,Municipality of Topeiros,14631,7021,47.99,7610,52.01,46,0.66,63,0.9,ΝΕΑ ΔΗΜΟΚΡΑΤΙΑ,New Democracy,2232,32.29,2023
104,Εκλ. Περιφέρεια Κέρκυρας,Electoral District of Corfu,3204.0,,Δήμος Νότιας Κέρκυρας,Municipality of South Corfu,18617,8965,48.15,9652,51.85,35,0.39,73,0.81,ΝΕΑ ΔΗΜΟΚΡΑΤΙΑ,New Democracy,2801,31.62,2023
105,Εκλ. Περιφέρεια Δωδεκανήσου,Electoral District of Dodecanese,6401.0,64010101.0,Δήμος Κω,Municipality of Kos,32458,15670,48.28,16788,51.72,100,0.64,132,0.84,ΝΕΑ ΔΗΜΟΚΡΑΤΙΑ,New Democracy,7199,46.63,2023
106,Εκλ. Περιφέρεια Γρεβενών,Electoral District of Grevena,1501.0,15010101.0,Δήμος Γρεβενών,Municipality of Grevena,30669,14821,48.33,15848,51.67,69,0.47,114,0.77,ΝΕΑ ΔΗΜΟΚΡΑΤΙΑ,New Democracy,5982,40.87,2023
107,Εκλ. Περιφέρεια Ροδόπης,Electoral District of Rethymno,101.0,1010101.0,Δήμος Κομοτηνής,Municipality of Komotini,55594,26889,48.37,28705,51.63,261,0.97,228,0.85,ΝΕΑ ΔΗΜΟΚΡΑΤΙΑ,New Democracy,9538,36.13,2023
108,Εκλ. Περιφέρεια Ροδόπης,Electoral District of Rodopi,102.0,1020201.0,Δήμος Αρριανών,Municipality of Arriana,20323,9839,48.41,10484,51.59,91,0.92,79,0.8,ΣΥΡΙΖΑ,SYRIZA,4753,49.16,2023
109,Εκλ. Περιφέρεια Μαγνησίας,Electoral District of Magnisia,2503.0,25030001.0,Δήμος Σκοπέλου,Municipality of Skopelos,5173,2505,48.42,2668,51.58,10,0.4,18,0.72,ΝΕΑ ΔΗΜΟΚΡΑΤΙΑ,New Democracy,1055,42.59,2023
110,Εκλ. Περιφέρεια Τρικάλων,Electoral District of Triakala,2602.0,,Δήμος Μετεώρων,Municipality of Meteora,33514,16238,48.45,17276,51.55,61,0.38,90,0.55,ΝΕΑ ΔΗΜΟΚΡΑΤΙΑ,New Democracy,6717,41.75,2023
111,Εκλ. Περιφέρεια Άρτας,Electoral District of Arta,1903.0,,Δήμος Κεντρικών Τζουμέρκων,Municipality of Central Tzoumerka,10293,4988,48.46,5305,51.54,20,0.4,38,0.76,ΝΕΑ ΔΗΜΟΚΡΑΤΙΑ,New Democracy,1912,38.78,2023
112,Εκλ. Περιφέρεια Γρεβενών,Electoral District of Grevena,1502.0,15020101.0,Δήμος Δεσκάτης,Municipality of Deskati,7895,3828,48.49,4067,51.51,14,0.37,16,0.42,ΝΕΑ ΔΗΜΟΚΡΑΤΙΑ,New Democracy,1303,34.31,2023
113,Εκλ. Περιφέρεια Β' Πειραιώς,Electoral District of Piraeus B,5105.0,51050000.0,Δήμος Περάματος,Municipality of Perama,22588,10959,48.52,11629,51.48,64,0.58,100,0.91,ΝΕΑ ΔΗΜΟΚΡΑΤΙΑ,New Democracy,4161,38.55,2023
114,Εκλ. Περιφέρεια Ηλείας,Electoral District of Ilia,3905.0,39050101.0,Δήμος Αρχαίας Ολυμπίας,Municipality of Archea Olympia,17028,8278,48.61,8750,51.39,41,0.5,67,0.81,ΝΕΑ ΔΗΜΟΚΡΑΤΙΑ,New Democracy,3034,37.14,2023
115,Εκλ. Περιφέρεια Κιλκίς,Electoral District of Kilkis,901.0,9010101.0,Δήμος Κιλκίς,Municipality of Kilkis,65092,31664,48.64,33428,51.36,119,0.38,145,0.46,ΝΕΑ ΔΗΜΟΚΡΑΤΙΑ,New Democracy,12303,39.18,2023
116,Εκλ. Περιφέρεια Σερρών,Electoral District of Serres,1201.0,12010101.0,Δήμος Σερρών,Municipality of Serres,73409,35783,48.74,37626,51.26,185,0.52,238,0.67,ΝΕΑ ΔΗΜΟΚΡΑΤΙΑ,New Democracy,15346,43.4,2023
117,Εκλ. Περιφέρεια Β' Πειραιώς,Electoral District of Piraeus B,5104.0,,Δήμος Νίκαιας – Αγίου Ιωάννη Ρέντη,Municipality of Nikea - Aghios Ioannis Rentis,88837,43317,48.76,45520,51.24,223,0.51,270,0.62,ΝΕΑ ΔΗΜΟΚΡΑΤΙΑ,New Democracy,14981,34.98,2023
118,Εκλ. Περιφέρεια Ζακύνθου,Electoral District of Zakynthos,3301.0,,Δήμος Ζακύνθου,Municipality of Zakynthos,40421,19719,48.78,20702,51.22,116,0.59,122,0.62,ΝΕΑ ΔΗΜΟΚΡΑΤΙΑ,New Democracy,7641,39.22,2023
119,Εκλ. Περιφέρεια Ηλείας,Electoral District of Ilia,3901.0,39010101.0,Δήμος Πύργου,Municipality of Pyrgos,48775,23824,48.84,24951,51.16,92,0.39,184,0.77,ΝΕΑ ΔΗΜΟΚΡΑΤΙΑ,New Democracy,8527,36.21,2023
120,Εκλ. Περιφέρεια Αρκαδίας,Electoral District of Arcadia,4002.0,,Δήμος Βόρειας Κυνουρίας,Municipality of North Kynouria,13794,6738,48.85,7056,51.15,37,0.55,56,0.83,ΝΕΑ ΔΗΜΟΚΡΑΤΙΑ,New Democracy,2987,44.95,2023
121,Εκλ. Περιφέρεια Κιλκίς,Electoral District of Kilkis,902.0,,Δήμος Παιονίας,Municipallity of Paionia,35120,17170,48.89,17950,51.11,69,0.4,87,0.51,ΝΕΑ ΔΗΜΟΚΡΑΤΙΑ,New Democracy,6866,40.36,2023
122,Εκλ. Περιφέρεια Κυκλάδων,Electoral District of Cyclades,6501.0,65010001.0,Δήμος Μήλου,Municipality of Milos,5391,2639,48.95,2752,51.05,19,0.72,17,0.64,ΝΕΑ ΔΗΜΟΚΡΑΤΙΑ,New Democracy,1208,46.41,2023
123,Εκλ. Περιφέρεια Καστοριάς,Electoral District of Kastoria,1603.0,16030101.0,Δήμος Άργους Ορεστικού,Municipality of Argos Orestiko,13852,6809,49.16,7043,50.84,50,0.73,53,0.78,ΝΕΑ ΔΗΜΟΚΡΑΤΙΑ,New Democracy,2835,42.28,2023
124,Εκλ. Περιφέρεια Β' Δυτικής Αττικής,Electoral District of West Attica,5005.0,50050301.0,Δήμος Φυλής,Municipality of Fyli,37325,18361,49.19,18964,50.81,86,0.47,125,0.68,ΝΕΑ ΔΗΜΟΚΡΑΤΙΑ,New Democracy,6341,34.94,2023
125,Εκλ. Περιφέρεια Ιωαννίνων,Electoral District of Ioannina,1804.0,,Δήμος Ζαγορίου,Municipality of Zagori,7167,3528,49.23,3639,50.77,17,0.48,21,0.6,ΝΕΑ ΔΗΜΟΚΡΑΤΙΑ,New Democracy,1614,46.25,2023
126,Εκλ. Περιφέρεια Καβάλας,Electoral District of Kavala,501.0,5010101.0,Δήμος Καβάλας,Municipality of Kavala,66453,32728,49.25,33725,50.75,157,0.48,209,0.64,ΝΕΑ ΔΗΜΟΚΡΑΤΙΑ,New Democracy,13051,40.33,2023
127,Εκλ. Περιφέρεια Ηλείας,Electoral District of Ilia,3906.0,39060101.0,Δήμος Ζαχάρως,Municipality of Zacharo,11678,5756,49.29,5922,50.71,22,0.38,44,0.76,ΝΕΑ ΔΗΜΟΚΡΑΤΙΑ,New Democracy,2502,43.97,2023
128,Εκλ. Περιφέρεια Δωδεκανήσου,Electoral District of Dodecanese,6901.0,69010101.0,Δήμος Ρόδου,Municipality of Rodos,106025,52297,49.33,53728,50.67,272,0.52,479,0.92,ΝΕΑ ΔΗΜΟΚΡΑΤΙΑ,New Democracy,24246,47.04,2023
129,Εκλ. Περιφέρεια Χανίων,Electoral District of Chania,7404.0,,Δήμος Καντάνου – Σελίνου,Municipaity of Kandanos - Selinos,6553,3236,49.38,3317,50.62,4,0.12,17,0.53,ΝΕΑ ΔΗΜΟΚΡΑΤΙΑ,New Democracy,1274,39.63,2023
130,Εκλ. Περιφέρεια Αιτωλοακαρνανίας,Electoral District of Aitoloakarnania,3802.0,,Δήμος Ακτίου – Βόνιτσας,Municipality of Aktio - Vonitsa,17892,8863,49.54,9029,50.46,36,0.41,45,0.51,ΝΕΑ ΔΗΜΟΚΡΑΤΙΑ,New Democracy,3762,42.84,2023
131,Εκλ. Περιφέρεια Κέρκυρας,Electoral District of Corfu,3202.0,,Δήμος Παξών,Municipality of Paxi,2520,1251,49.64,1269,50.36,4,0.32,10,0.8,ΝΕΑ ΔΗΜΟΚΡΑΤΙΑ,New Democracy,392,31.69,2023
132,Εκλ. Περιφέρεια Α' Πειραιώς,Electoral District of Piraeus A,5202.0,52020000.0,Δήμος Ύδρας,Municipality of Ydra,3114,1549,49.74,1565,50.26,8,0.52,10,0.65,ΝΕΑ ΔΗΜΟΚΡΑΤΙΑ,New Democracy,919,60.03,2023
133,Εκλ. Περιφέρεια Β' Δυτικής Αττικής,Electoral District of West Attica,5002.0,50020000.0,Δήμος Ασπροπύργου,Municipality of Aspropyrgos,24746,12335,49.85,12411,50.15,65,0.53,90,0.73,ΝΕΑ ΔΗΜΟΚΡΑΤΙΑ,New Democracy,3897,32.0,2023
134,Εκλ. Περιφέρεια Καρδίτσας,Electoral District of Karditsa,2304.0,23040101.0,Δήμος Μουζακίου,Municipality of Mouzaki,19293,9684,50.19,9609,49.81,49,0.51,67,0.69,ΝΕΑ ΔΗΜΟΚΡΑΤΙΑ,New Democracy,4660,48.7,2023
135,Εκλ. Περιφέρεια Μαγνησίας,Electoral District of Magnisia,2403.0,,Δήμος Ζαγοράς – Μουρεσίου,Municipality of Zagora - Mouressio,6907,3469,50.22,3438,49.78,15,0.43,13,0.37,ΝΕΑ ΔΗΜΟΚΡΑΤΙΑ,New Democracy,1586,46.09,2023
136,Εκλ. Περιφέρεια Α' Πειραιώς,Electoral District of Piraeus A,5101.0,51010000.0,Δήμος Πειραιώς,Municipality of Pireas,147703,74185,50.23,73518,49.77,373,0.5,423,0.57,ΝΕΑ ΔΗΜΟΚΡΑΤΙΑ,New Democracy,33385,45.49,2023
137,Εκλ. Περιφέρεια Αιτωλοακαρνανίας,Electoral District of Aitoloakarnania,3804.0,38040101.0,Δήμος Αμφιλοχίας,Municipality of Amfilochia,21209,10659,50.26,10550,49.74,23,0.22,69,0.65,ΝΕΑ ΔΗΜΟΚΡΑΤΙΑ,New Democracy,4190,39.65,2023
138,Εκλ. Περιφέρεια Ευβοίας,Electoral District of Euboea,2908.0,29080000.0,Δήμος Σκύρου,Municipality of Skyros,4125,2080,50.42,2045,49.58,9,0.43,19,0.91,ΝΕΑ ΔΗΜΟΚΡΑΤΙΑ,New Democracy,789,38.45,2023
139,Εκλ. Περιφέρεια Μαγνησίας,Electoral District of Magnisia,2502.0,25020000.0,Δήμος Αλοννήσου,Municipality of Alonnissos,1754,891,50.8,863,49.2,1,0.11,4,0.45,ΝΕΑ ΔΗΜΟΚΡΑΤΙΑ,New Democracy,428,48.31,2023
140,Εκλ. Περιφέρεια Β' Πειραιώς,Electoral District of Piraeus B,5102.0,,Δήμος Κερατσινίου – Δραπετσώνας,Municipality of Keratsini - Drapetsona,73350,37387,50.97,35963,49.03,166,0.44,226,0.6,ΝΕΑ ΔΗΜΟΚΡΑΤΙΑ,New Democracy,13496,36.48,2023
141,Εκλ. Περιφέρεια Μεσσηνίας,Electoral District of Messinia,4401.0,44010101.0,Δήμος Καλαμάτας,Municipality of Kalamata,66786,34158,51.15,32628,48.85,181,0.53,205,0.6,ΝΕΑ ΔΗΜΟΚΡΑΤΙΑ,New Democracy,14285,42.3,2023
142,Εκλ. Περιφέρεια Δράμας,Electoral District of Drama,201.0,2010101.0,Δήμος Δράμας,Municipality of Drama,51757,26521,51.24,25236,48.76,171,0.64,162,0.61,ΝΕΑ ΔΗΜΟΚΡΑΤΙΑ,New Democracy,9843,37.59,2023
143,Εκλ. Περιφέρεια Βοιωτίας,Electoral District of Boeotia,2804.0,28040101.0,Δήμος Θηβαίων,Municipality of Thiva,31751,16269,51.24,15482,48.76,76,0.47,134,0.82,ΝΕΑ ΔΗΜΟΚΡΑΤΙΑ,New Democracy,5963,37.13,2023
144,Εκλ. Περιφέρεια Κυκλάδων,Electoral District of Cyclades,6801.0,68010001.0,Δήμος Πάρου,Municipality of Paros,13335,6836,51.26,6499,48.74,58,0.85,55,0.8,ΝΕΑ ΔΗΜΟΚΡΑΤΙΑ,New Democracy,3128,46.53,2023
145,Εκλ. Περιφέρεια Καβάλας,Electoral District of Kavala,503.0,,Δήμος Παγγαίου,Municipallity of Pangaio,35091,17999,51.29,17092,48.71,90,0.5,126,0.7,ΝΕΑ ΔΗΜΟΚΡΑΤΙΑ,New Democracy,7985,44.9,2023
146,Εκλ. Περιφέρεια Ηλείας,Electoral District of Ilia,3903.0,,Δήμος Ανδραβίδας – Κυλλήνης,Municipality of Andravida - Kyllini,20631,10583,51.3,10048,48.7,46,0.43,82,0.77,ΝΕΑ ΔΗΜΟΚΡΑΤΙΑ,New Democracy,4226,40.42,2023
147,Εκλ. Περιφέρεια Χαλκιδικής,Electoral District of Chalkidiki,1303.0,,Δήμος Κασσάνδρας,Municipality of Kassanda,15506,7958,51.32,7548,48.68,28,0.35,43,0.54,ΝΕΑ ΔΗΜΟΚΡΑΤΙΑ,New Democracy,3295,41.78,2023
148,Εκλ. Περιφέρεια Α' Πειραιώς,Electoral District of Piraeus A,5207.0,52070000.0,Δήμος Σπετσών,Municipality of Spetses,4361,2242,51.41,2119,48.59,17,0.76,15,0.67,ΝΕΑ ΔΗΜΟΚΡΑΤΙΑ,New Democracy,1357,61.4,2023
149,Εκλ. Περιφέρεια Αχαΐας,Electoral District of Achaea,3702.0,,Δήμος Αιγιαλείας,Municipality of Aegialia,50568,26007,51.43,24561,48.57,111,0.43,207,0.8,ΝΕΑ ΔΗΜΟΚΡΑΤΙΑ,New Democracy,10059,39.16,2023
150,Εκλ. Περιφέρεια Καβάλας,Electoral District of Kavala,401.0,4010001.0,Δήμος Θάσου,Municipality of Thassos,13312,6864,51.56,6448,48.44,31,0.45,34,0.5,ΝΕΑ ΔΗΜΟΚΡΑΤΙΑ,New Democracy,2885,42.43,2023
151,Εκλ. Περιφέρεια Χανίων,Electoral District of Chania,7407.0,,Δήμος Σφακίων,Municipality of Sfakia,3243,1672,51.56,1571,48.44,4,0.24,4,0.24,ΝΕΑ ΔΗΜΟΚΡΑΤΙΑ,New Democracy,681,40.93,2023
152,Εκλ. Περιφέρεια Β2' Δυτικού Τομέα Αθηνών,Electoral District of Athens B2 (West),4702.0,47020000.0,Δήμος Αγίας Βαρβάρας,Municipality of Aghia Varvara,22307,11506,51.58,10801,48.42,55,0.48,73,0.63,ΝΕΑ ΔΗΜΟΚΡΑΤΙΑ,New Democracy,3631,31.91,2023
153,Εκλ. Περιφέρεια Α' Θεσσαλονίκης,Electoral District of Thessaloniki A,702.0,,Δήμος Αμπελοκήπων – Μενεμένης,Municipality of Abelokipi - Menemeni,38298,19782,51.65,18516,48.35,100,0.51,156,0.79,ΝΕΑ ΔΗΜΟΚΡΑΤΙΑ,New Democracy,6009,30.77,2023
154,Εκλ. Περιφέρεια Κορινθίας,Electoral District of Corinthia,4206.0,,Δήμος Σικυωνίων,Municipality of Sikyon,24061,12438,51.69,11623,48.31,53,0.43,90,0.72,ΝΕΑ ΔΗΜΟΚΡΑΤΙΑ,New Democracy,5302,43.12,2023
155,Εκλ. Περιφέρεια Β3' Νότιου Τομέα Αθηνών,Electoral District of Athens B3 (South),4801.0,48010000.0,Δήμος Καλλιθέας,Municipality of Kallithea,74733,38790,51.9,35943,48.1,233,0.6,243,0.63,ΝΕΑ ΔΗΜΟΚΡΑΤΙΑ,New Democracy,14644,38.22,2023
156,Εκλ. Περιφέρεια Μαγνησίας,Electoral District of Magnisia,2404.0,,Δήμος Νοτίου Πηλίου,Municipality of South Pelion,11244,5837,51.91,5407,48.09,25,0.43,35,0.6,ΝΕΑ ΔΗΜΟΚΡΑΤΙΑ,New Democracy,2530,43.79,2023
157,Εκλ. Περιφέρεια Β3' Νότιου Τομέα Αθηνών,Electoral District of Athens B3 (South),4806.0,,Δήμος Μοσχάτου – Ταύρου,Municipality of Moschato - Tavros,35048,18201,51.93,16847,48.07,81,0.45,123,0.68,ΝΕΑ ΔΗΜΟΚΡΑΤΙΑ,New Democracy,7101,39.46,2023
158,Εκλ. Περιφέρεια Αιτωλοακαρνανίας,Electoral District of Aitoloakarnania,3803.0,38030101.0,Δήμος Αγρινίου,Municipality of Agrinio,91944,47756,51.94,44188,48.06,190,0.4,423,0.89,ΝΕΑ ΔΗΜΟΚΡΑΤΙΑ,New Democracy,17141,36.36,2023
159,Εκλ. Περιφέρεια Κυκλάδων,Electoral District of Cyclades,6504.0,,Δήμος Σίφνου,Municipality of Sifnos,3204,1664,51.94,1540,48.06,17,1.02,11,0.66,ΝΕΑ ΔΗΜΟΚΡΑΤΙΑ,New Democracy,794,48.53,2023
160,Εκλ. Περιφέρεια Πρέβεζας,Electoral District of Preveza,2102.0,,Δήμος Ζηρού,Municipality of Ziros,17598,9189,52.22,8409,47.78,37,0.4,68,0.74,ΝΕΑ ΔΗΜΟΚΡΑΤΙΑ,New Democracy,4374,48.15,2023
161,Εκλ. Περιφέρεια Βοιωτίας,Electoral District of Boeotia,2805.0,28050101.0,Δήμος Ορχομενού,Municipality of Orchomenos,11755,6151,52.33,5604,47.67,19,0.31,51,0.83,ΝΕΑ ΔΗΜΟΚΡΑΤΙΑ,New Democracy,2320,38.15,2023
162,Εκλ. Περιφέρεια Δωδεκανήσου,Electoral District of Dodecanese,6106.0,61060000.0,Δήμος Πάτμου,Municipality of Patmos,3445,1804,52.37,1641,47.63,14,0.78,7,0.39,ΝΕΑ ΔΗΜΟΚΡΑΤΙΑ,New Democracy,785,44.03,2023
163,Εκλ. Περιφέρεια Α' Πειραιώς,Electoral District of Piraeus A,5206.0,52060000.0,Δήμος Πόρου,Municipality of Poros,4377,2294,52.41,2083,47.59,8,0.35,10,0.44,ΝΕΑ ΔΗΜΟΚΡΑΤΙΑ,New Democracy,1294,56.85,2023
164,Εκλ. Περιφέρεια Α' Ανατολικής Αττικής,Electoral District of East Attica,4901.0,49010101.0,Δήμος Αχαρνών,Municipality of Acharnes,74012,38892,52.55,35120,47.45,203,0.52,241,0.62,ΝΕΑ ΔΗΜΟΚΡΑΤΙΑ,New Democracy,13491,35.09,2023
165,Εκλ. Περιφέρεια Κορινθίας,Electoral District of Corinthia,4204.0,42040001.0,Δήμος Νεμέας,Municipality of Nemea,7403,3891,52.56,3512,47.44,22,0.57,22,0.57,ΝΕΑ ΔΗΜΟΚΡΑΤΙΑ,New Democracy,1671,43.44,2023
166,Εκλ. Περιφέρεια Τρικάλων,Electoral District of Triakala,2603.0,26030101.0,Δήμος Πύλης,Municipality of Pyli,23235,12218,52.58,11017,47.42,53,0.43,80,0.65,ΝΕΑ ΔΗΜΟΚΡΑΤΙΑ,New Democracy,5574,46.12,2023
167,Εκλ. Περιφέρεια Κορινθίας,Electoral District of Corinthia,4202.0,,Δήμος Βέλου – Βόχας,Municipality of Velo - Vocha,17804,9364,52.59,8440,47.41,43,0.46,73,0.78,ΝΕΑ ΔΗΜΟΚΡΑΤΙΑ,New Democracy,3887,42.03,2023
168,Εκλ. Περιφέρεια Καρδίτσας,Electoral District of Karditsa,2303.0,,Δήμος Λίμνης Πλαστήρα,Municipality of Lake Plastiras,7458,3923,52.6,3535,47.4,16,0.41,22,0.56,ΝΕΑ ΔΗΜΟΚΡΑΤΙΑ,New Democracy,1633,42.03,2023
169,Εκλ. Περιφέρεια Ευβοίας,Electoral District of Euboea,2907.0,,Δήμος Μαντουδίου – Λίμνης – Αγίας Άννας,Municipality of Mantoudi - Limni - Aghia Anna,14780,7787,52.69,6993,47.31,39,0.5,74,0.95,ΝΕΑ ΔΗΜΟΚΡΑΤΙΑ,New Democracy,2692,35.08,2023
170,Εκλ. Περιφέρεια Πιερίας,Electoral District of Pieria,1101.0,11010101.0,Δήμος Κατερίνης,Municipality of Katerini,84950,44857,52.8,40093,47.2,181,0.4,233,0.52,ΝΕΑ ΔΗΜΟΚΡΑΤΙΑ,New Democracy,17108,38.49,2023
171,Εκλ. Περιφέρεια Κυκλάδων,Electoral District of Cyclades,6601.0,,Δήμος Μυκόνου,Municipality of Myconos,9439,4988,52.84,4451,47.16,24,0.48,32,0.64,ΝΕΑ ΔΗΜΟΚΡΑΤΙΑ,New Democracy,2613,52.98,2023
172,Εκλ. Περιφέρεια Ιωαννίνων,Electoral District of Ioannina,1807.0,18070101.0,Δήμος Μετσόβου,Municipality of Metsovo,9499,5022,52.87,4477,47.13,38,0.76,39,0.78,ΝΕΑ ΔΗΜΟΚΡΑΤΙΑ,New Democracy,2247,45.44,2023
173,Εκλ. Περιφέρεια Χανίων,Electoral District of Chania,7402.0,,Δήμος Αποκορώνου,Municipality of Apokoronas,16580,8774,52.92,7806,47.08,26,0.3,56,0.64,ΝΕΑ ΔΗΜΟΚΡΑΤΙΑ,New Democracy,3684,42.38,2023
174,Εκλ. Περιφέρεια Κυκλάδων,Electoral District of Cyclades,6302.0,63020001.0,Δήμος Κύθνου,Municipality of Kythnos,2325,1231,52.95,1094,47.05,7,0.57,9,0.73,ΝΕΑ ΔΗΜΟΚΡΑΤΙΑ,New Democracy,661,54.4,2023
175,Εκλ. Περιφέρεια Κυκλάδων,Electoral District of Cyclades,6701.0,67010001.0,Δήμος Αμοργού,Municipality of Amorgos,2180,1156,53.03,1024,46.97,8,0.69,7,0.61,ΝΕΑ ΔΗΜΟΚΡΑΤΙΑ,New Democracy,439,38.48,2023
176,Εκλ. Περιφέρεια Αργολίδος,Electoral District of Argolida,4102.0,,Δήμος Άργους – Μυκηνών,Municipality of Argos - Mykines,42748,22712,53.13,20036,46.87,87,0.38,138,0.61,ΝΕΑ ΔΗΜΟΚΡΑΤΙΑ,New Democracy,9546,42.45,2023
177,Εκλ. Περιφέρεια Κυκλάδων,Electoral District of Cyclades,5801.0,,Δήμος Σύρου – Ερμούπολης,Municipality of Syros - Ermoupoli,20289,10788,53.17,9501,46.83,88,0.82,98,0.91,ΝΕΑ ΔΗΜΟΚΡΑΤΙΑ,New Democracy,4440,41.88,2023
178,Εκλ. Περιφέρεια Λάρισας,Electoral District of Larissa,2203.0,,Δήμος Ελασσόνας,Municipality of Elassona,36624,19511,53.27,17113,46.73,57,0.29,108,0.55,ΝΕΑ ΔΗΜΟΚΡΑΤΙΑ,New Democracy,8196,42.37,2023
179,Εκλ. Περιφέρεια Αιτωλοακαρνανίας,Electoral District of Aitoloakarnania,3801.0,,Δήμος Ιεράς Πόλης Μεσολογγίου,Municipality of Messologhi,33963,18182,53.53,15781,46.47,79,0.43,171,0.94,ΝΕΑ ΔΗΜΟΚΡΑΤΙΑ,New Democracy,7072,39.44,2023
180,Εκλ. Περιφέρεια Χαλκιδικής,Electoral District of Chalkidiki,1305.0,,Δήμος Σιθωνίας,Municipality of Sithonia,12670,6786,53.56,5884,46.44,24,0.35,37,0.55,ΝΕΑ ΔΗΜΟΚΡΑΤΙΑ,New Democracy,2652,39.43,2023
181,Εκλ. Περιφέρεια Α' Θεσσαλονίκης,Electoral District of Thessaloniki A,701.0,7010100.0,Δήμος Θεσσαλονίκης,Municipality of Thessaloniki,241260,129255,53.57,112005,46.43,741,0.57,720,0.56,ΝΕΑ ΔΗΜΟΚΡΑΤΙΑ,New Democracy,50426,39.46,2023
182,Εκλ. Περιφέρεια Αχαΐας,Electoral District of Achaea,3703.0,,Δήμος Δυτικής Αχαΐας,Municipality of West Achaea,29817,16000,53.66,13817,46.34,60,0.38,94,0.59,ΝΕΑ ΔΗΜΟΚΡΑΤΙΑ,New Democracy,5882,37.12,2023
183,Εκλ. Περιφέρεια Α' Πειραιώς,Electoral District of Piraeus A,5203.0,52030000.0,Δήμος Αγκιστρίου,Municipality of Agistri,1071,575,53.69,496,46.31,2,0.35,2,0.35,ΝΕΑ ΔΗΜΟΚΡΑΤΙΑ,New Democracy,330,57.79,2023
184,Εκλ. Περιφέρεια Έβρου,Electoral District of Evros,301.0,3010101.0,Δήμος Αλεξανδρούπολης,Municipality of Alexandroupoli,63779,34253,53.71,29526,46.29,197,0.58,259,0.76,ΝΕΑ ΔΗΜΟΚΡΑΤΙΑ,New Democracy,14052,41.58,2023
185,Εκλ. Περιφέρεια Μαγνησίας,Electoral District of Magnisia,2501.0,25010000.0,Δήμος Σκιάθου,Municipality of Skiathos,5406,2906,53.76,2500,46.24,23,0.79,24,0.83,ΝΕΑ ΔΗΜΟΚΡΑΤΙΑ,New Democracy,1462,51.14,2023
186,Εκλ. Περιφέρεια Φθιώτιδας,Electoral District of Fthiotida,2705.0,27050301.0,Δήμος Μακρακώμης,Municipality of Makrakomi,15826,8509,53.77,7317,46.23,40,0.47,69,0.81,ΝΕΑ ΔΗΜΟΚΡΑΤΙΑ,New Democracy,3673,43.73,2023
187,Εκλ. Περιφέρεια Β3' Νότιου Τομέα Αθηνών,Electoral District of Athens B3 (South),4504.0,,Δήμος Δάφνης – Υμηττού,Municipality of Dafni - Ymittos,29124,15663,53.78,13461,46.22,60,0.38,76,0.49,ΝΕΑ ΔΗΜΟΚΡΑΤΙΑ,New Democracy,5907,38.04,2023
188,Εκλ. Περιφέρεια Ξάνθης,Electoral District of Xanthi,603.0,6030101.0,Δήμος Μύκης,Municipality of Myki,20212,10879,53.82,9333,46.18,122,1.12,180,1.65,ΣΥΡΙΖΑ,SYRIZA,4986,47.14,2023
189,Εκλ. Περιφέρεια Α' Πειραιώς,Electoral District of Piraeus A,5208.0,,Δήμος Τροιζηνίας – Μεθάνων,Municipaity of Trizina - Methana,7460,4016,53.83,3444,46.17,10,0.25,22,0.55,ΝΕΑ ΔΗΜΟΚΡΑΤΙΑ,New Democracy,2220,55.72,2023
190,Εκλ. Περιφέρεια Χανίων,Electoral District of Chania,7401.0,74010101.0,Δήμος Χανίων,Municipality of Chania,83920,45260,53.93,38660,46.07,223,0.49,274,0.61,ΝΕΑ ΔΗΜΟΚΡΑΤΙΑ,New Democracy,17940,40.08,2023
191,Εκλ. Περιφέρεια Β2' Δυτικού Τομέα Αθηνών,Electoral District of Athens B2 (West),4704.0,47040000.0,Δήμος Αιγάλεω,Municipality of Aegaleo,57607,31223,54.2,26384,45.8,175,0.56,191,0.61,ΝΕΑ ΔΗΜΟΚΡΑΤΙΑ,New Democracy,10705,34.69,2023
192,Εκλ. Περιφέρεια Πέλλας,Electoral District of Pella,1003.0,,Δήμος Πέλλας,Municipality of Pella,64124,34835,54.32,29289,45.68,148,0.42,179,0.51,ΝΕΑ ΔΗΜΟΚΡΑΤΙΑ,New Democracy,13602,39.42,2023
193,Εκλ. Περιφέρεια Κυκλάδων,Electoral District of Cyclades,6001.0,60010101.0,Δήμος Θήρας,Municipality of Thira,15519,8430,54.32,7089,45.68,46,0.55,76,0.9,ΝΕΑ ΔΗΜΟΚΡΑΤΙΑ,New Democracy,4324,52.05,2023
194,Εκλ. Περιφέρεια Πέλλας,Electoral District of Pella,1001.0,,Δήμος Έδεσσας,Municipality of Edessa,29156,15869,54.43,13287,45.57,71,0.45,96,0.6,ΝΕΑ ΔΗΜΟΚΡΑΤΙΑ,New Democracy,5484,34.93,2023
195,Εκλ. Περιφέρεια Α' Πειραιώς,Electoral District of Piraeus A,5204.0,52040001.0,Δήμος Αίγινας,Municipality of Aegina,12713,6928,54.5,5785,45.5,30,0.43,51,0.74,ΝΕΑ ΔΗΜΟΚΡΑΤΙΑ,New Democracy,3559,51.98,2023
196,Εκλ. Περιφέρεια Αργολίδος,Electoral District of Argolida,4104.0,,Δήμος Ερμιονίδας,Municipality of Ermionida,12452,6793,54.55,5659,45.45,25,0.37,47,0.69,ΝΕΑ ΔΗΜΟΚΡΑΤΙΑ,New Democracy,3009,44.77,2023
197,Εκλ. Περιφέρεια Πιερίας,Electoral District of Pieria,1103.0,,Δήμος Πύδνας – Κολινδρού,Municipality of Pydna-Kolindros,18151,9913,54.61,8238,45.39,46,0.46,50,0.5,ΝΕΑ ΔΗΜΟΚΡΑΤΙΑ,New Democracy,4049,41.24,2023
198,Εκλ. Περιφέρεια Α' Θεσσαλονίκης,Electoral District of Thessaloniki A,710.0,,Δήμος Νεάπολης – Συκεών,Municipality of Neapoli - Sykees,68837,37614,54.64,31223,45.36,209,0.56,240,0.64,ΝΕΑ ΔΗΜΟΚΡΑΤΙΑ,New Democracy,11510,30.97,2023
199,Εκλ. Περιφέρεια Κυκλάδων,Electoral District of Cyclades,6005.0,60050001.0,Δήμος Φολεγάνδρου,Municipality of Folegandros,783,428,54.66,355,45.34,4,0.93,7,1.64,ΝΕΑ ΔΗΜΟΚΡΑΤΙΑ,New Democracy,225,53.96,2023
200,Εκλ. Περιφέρεια Ημαθίας,Electoral District of Imathia,802.0,8020101.0,Δήμος Αλεξανδρείας,Municipality of Alexandria,41932,22953,54.74,18979,45.26,63,0.27,145,0.63,ΝΕΑ ΔΗΜΟΚΡΑΤΙΑ,New Democracy,9794,43.06,2023
201,Εκλ. Περιφέρεια Ευβοίας,Electoral District of Euboea,2904.0,,Δήμος Ιστιαίας – Αιδηψού,Municipality of Istiea - Aedipsos,21335,11692,54.8,9643,45.2,61,0.52,80,0.68,ΝΕΑ ΔΗΜΟΚΡΑΤΙΑ,New Democracy,4393,38.03,2023
202,Εκλ. Περιφέρεια Πρέβεζας,Electoral District of Preveza,2101.0,,Δήμος Πρέβεζας,Municipality of Preveza,29578,16213,54.81,13365,45.19,78,0.48,116,0.72,ΝΕΑ ΔΗΜΟΚΡΑΤΙΑ,New Democracy,5958,37.19,2023
203,Εκλ. Περιφέρεια Καρδίτσας,Electoral District of Karditsa,2306.0,23060101.0,Δήμος Σοφάδων,Municipality of Sofades,21732,11914,54.82,9818,45.18,35,0.29,88,0.74,ΝΕΑ ΔΗΜΟΚΡΑΤΙΑ,New Democracy,5165,43.8,2023
204,Εκλ. Περιφέρεια Β2' Δυτικού Τομέα Αθηνών,Electoral District of Athens B2 (West),4701.0,47010000.0,Δήμος Περιστερίου,Municipality of Peristeri,111851,61406,54.9,50445,45.1,316,0.51,341,0.56,ΝΕΑ ΔΗΜΟΚΡΑΤΙΑ,New Democracy,20876,34.36,2023
205,Εκλ. Περιφέρεια Ηρακλείου,Electoral District of Hraklion,7103.0,,Δήμος Βιάννου,Municipality of Viannos,5656,3107,54.93,2549,45.07,8,0.26,13,0.42,ΝΕΑ ΔΗΜΟΚΡΑΤΙΑ,New Democracy,957,31.01,2023
206,Εκλ. Περιφέρεια Α' Θεσσαλονίκης,Electoral District of Thessaloniki A,711.0,,Δήμος Παύλου Μελά,Municipality of Pavlos Melas,62021,34146,55.06,27875,44.94,199,0.58,216,0.63,ΝΕΑ ΔΗΜΟΚΡΑΤΙΑ,New Democracy,9565,28.36,2023
207,Εκλ. Περιφέρεια Αργολίδος,Electoral District of Argolida,4103.0,,Δήμος Επιδαύρου,Municipality of Epidaurus,8526,4696,55.08,3830,44.92,24,0.51,24,0.51,ΝΕΑ ΔΗΜΟΚΡΑΤΙΑ,New Democracy,2275,48.95,2023
208,Εκλ. Περιφέρεια Κοζάνης,Electoral District of Kozani,1403.0,,Δήμος Εορδαίας,Municipality of Eordea,43820,24145,55.1,19675,44.9,127,0.53,132,0.55,ΝΕΑ ΔΗΜΟΚΡΑΤΙΑ,New Democracy,8346,34.94,2023
209,Εκλ. Περιφέρεια Κυκλάδων,Electoral District of Cyclades,6702.0,,Δήμος Νάξου & Μικρών Κυκλάδων,Municipality of Naxos & Lesser Cyclades,20926,11532,55.11,9394,44.89,56,0.49,54,0.47,ΝΕΑ ΔΗΜΟΚΡΑΤΙΑ,New Democracy,4642,40.64,2023
210,Εκλ. Περιφέρεια Κορινθίας,Electoral District of Corinthia,4205.0,,Δήμος Ξυλοκάστρου – Ευρωστίνης,Municipality of Xylokastro - Evrostina,19441,10747,55.28,8694,44.72,52,0.48,58,0.54,ΝΕΑ ΔΗΜΟΚΡΑΤΙΑ,New Democracy,4664,43.85,2023
211,Εκλ. Περιφέρεια Μαγνησίας,Electoral District of Magnisia,2401.0,24010101.0,Δήμος Βόλου,Municipality of Volos,111684,61810,55.34,49874,44.66,334,0.54,405,0.66,ΝΕΑ ΔΗΜΟΚΡΑΤΙΑ,New Democracy,24006,39.31,2023
212,Εκλ. Περιφέρεια Ιωαννίνων,Electoral District of Ioannina,1805.0,,Δήμος Ζίτσας,Municipality of Zitsa,18332,10155,55.39,8177,44.61,50,0.49,66,0.65,ΝΕΑ ΔΗΜΟΚΡΑΤΙΑ,New Democracy,3127,31.15,2023
213,Εκλ. Περιφέρεια Λάρισας,Electoral District of Larissa,2206.0,22060101.0,Δήμος Τυρνάβου,Municipality of Tyrnavos,22591,12523,55.43,10068,44.57,66,0.53,110,0.88,ΝΕΑ ΔΗΜΟΚΡΑΤΙΑ,New Democracy,4571,37.02,2023
214,Εκλ. Περιφέρεια Βοιωτίας,Electoral District of Boeotia,2802.0,,Δήμος Αλιάρτου – Θεσπιέων,Municipality of Aliartos - Thespies,10384,5768,55.55,4616,44.45,22,0.38,37,0.64,ΝΕΑ ΔΗΜΟΚΡΑΤΙΑ,New Democracy,1933,33.86,2023
215,Εκλ. Περιφέρεια Β' Δυτικής Αττικής,Electoral District of West Attica,5003.0,,Δήμος Μάνδρας – Ειδυλλίας,Municipality of Mandra - Idyllia,17210,9568,55.6,7642,44.4,34,0.36,44,0.46,ΝΕΑ ΔΗΜΟΚΡΑΤΙΑ,New Democracy,4246,44.74,2023
216,Εκλ. Περιφέρεια Β3' Νότιου Τομέα Αθηνών,Electoral District of Athens B3 (South),4507.0,45070000.0,Δήμος Καισαριανής,Municipality of Kessariani,25285,14090,55.72,11195,44.28,79,0.56,74,0.53,ΝΕΑ ΔΗΜΟΚΡΑΤΙΑ,New Democracy,5003,35.9,2023
217,Εκλ. Περιφέρεια Χανίων,Electoral District of Chania,7406.0,74060112.0,Δήμος Πλατανιά,Municipality of Platanias,20908,11653,55.73,9255,44.27,57,0.49,62,0.53,ΝΕΑ ΔΗΜΟΚΡΑΤΙΑ,New Democracy,4405,38.19,2023
218,Εκλ. Περιφέρεια Φθιώτιδας,Electoral District of Fthiotida,2702.0,,Δήμος Αμφίκλειας – Ελάτειας,Municipality of Amfiklia - Elatia,10202,5687,55.74,4515,44.26,17,0.3,30,0.53,ΝΕΑ ΔΗΜΟΚΡΑΤΙΑ,New Democracy,2448,43.4,2023
219,Εκλ. Περιφέρεια Φωκίδας,Electoral District of Fokida,3101.0,31010401.0,Δήμος Δελφών,Municipality of Delfi,25160,14025,55.74,11135,44.26,101,0.72,89,0.63,ΝΕΑ ΔΗΜΟΚΡΑΤΙΑ,New Democracy,5829,42.13,2023
220,Εκλ. Περιφέρεια Β' Δυτικής Αττικής,Electoral District of West Attica,5001.0,,Δήμος Ελευσίνας,Municipality of Elefsina,26306,14668,55.76,11638,44.24,108,0.74,100,0.68,ΝΕΑ ΔΗΜΟΚΡΑΤΙΑ,New Democracy,5654,39.1,2023
221,Εκλ. Περιφέρεια Χαλκιδικής,Electoral District of Chalkidiki,1304.0,,Δήμος Νέας Προποντίδας,Municipality of Nea Propontida,32404,18088,55.82,14316,44.18,86,0.48,103,0.57,ΝΕΑ ΔΗΜΟΚΡΑΤΙΑ,New Democracy,6682,37.33,2023
222,Εκλ. Περιφέρεια Χανίων,Electoral District of Chania,7405.0,74050101.0,Δήμος Κισσάμου,Municipality of Kissamos,12865,7182,55.83,5683,44.17,50,0.7,40,0.56,ΝΕΑ ΔΗΜΟΚΡΑΤΙΑ,New Democracy,3202,45.15,2023
223,Εκλ. Περιφέρεια Ευβοίας,Electoral District of Euboea,2906.0,,Δήμος Κύμης – Αλιβερίου,Municipality of Kymi - Aliveri,32405,18101,55.86,14304,44.14,106,0.59,137,0.76,ΝΕΑ ΔΗΜΟΚΡΑΤΙΑ,New Democracy,6574,36.81,2023
224,Εκλ. Περιφέρεια Πέλλας,Electoral District of Pella,1002.0,,Δήμος Αλμωπίας,Municipality of Almopia,30230,16899,55.9,13331,44.1,81,0.48,88,0.52,ΝΕΑ ΔΗΜΟΚΡΑΤΙΑ,New Democracy,6667,39.85,2023
225,Εκλ. Περιφέρεια Κυκλάδων,Electoral District of Cyclades,6301.0,,Δήμος Κέας,Municipality of Kea,2293,1282,55.91,1011,44.09,9,0.7,13,1.01,ΝΕΑ ΔΗΜΟΚΡΑΤΙΑ,New Democracy,624,49.52,2023
226,Εκλ. Περιφέρεια Β' Πειραιώς,Electoral District of Piraeus B,5103.0,51030000.0,Δήμος Κορυδαλλού,Municipality of Korydallos,50326,28187,56.01,22139,43.99,116,0.41,146,0.52,ΝΕΑ ΔΗΜΟΚΡΑΤΙΑ,New Democracy,9771,34.99,2023
227,Εκλ. Περιφέρεια Β' Θεσσαλονίκης,Electoral District of Thessaloniki B,703.0,7030103.0,Δήμος Βόλβης,Municipality of Volvi,25210,14123,56.02,11087,43.98,50,0.35,81,0.57,ΝΕΑ ΔΗΜΟΚΡΑΤΙΑ,New Democracy,5635,40.27,2023
228,Εκλ. Περιφέρεια Ημαθίας,Electoral District of Imathia,801.0,8010101.0,Δήμος Βέροιας,Municipality of Veria,59914,33708,56.26,26206,43.74,127,0.38,235,0.7,ΝΕΑ ΔΗΜΟΚΡΑΤΙΑ,New Democracy,12755,38.25,2023
229,Εκλ. Περιφέρεια Λάρισας,Electoral District of Larissa,2202.0,22020101.0,Δήμος Αγιάς,Municipality of Aghia,13732,7727,56.27,6005,43.73,30,0.39,53,0.69,ΝΕΑ ΔΗΜΟΚΡΑΤΙΑ,New Democracy,2937,38.42,2023
230,Εκλ. Περιφέρεια Λασιθίου,Electoral District of Lasithi,7204.0,72040101.0,Δήμος Σητείας,Municipality of Sitia,18646,10492,56.27,8154,43.73,50,0.48,76,0.72,ΝΕΑ ΔΗΜΟΚΡΑΤΙΑ,New Democracy,4297,41.45,2023
231,Εκλ. Περιφέρεια Κορινθίας,Electoral District of Corinthia,4201.0,,Δήμος Κορινθίων,Municipality of Corinth,50708,28539,56.28,22169,43.72,100,0.35,184,0.64,ΝΕΑ ΔΗΜΟΚΡΑΤΙΑ,New Democracy,11529,40.8,2023
232,Εκλ. Περιφέρεια Άρτας,Electoral District of Arta,1904.0,,Δήμος Νικολάου Σκουφά,Municipality of Nikolaos Skoufas,13457,7582,56.34,5875,43.66,37,0.49,63,0.83,ΝΕΑ ΔΗΜΟΚΡΑΤΙΑ,New Democracy,2881,38.51,2023
233,Εκλ. Περιφέρεια Αχαΐας,Electoral District of Achaea,3704.0,,Δήμος Ερυμάνθου,Municipality of Erymanthos,14373,8101,56.36,6272,43.64,17,0.21,39,0.48,ΠΑΣΟΚ-ΚΙΝΑΛ,PASOK - Movement for Change,2234,27.77,2023
234,Εκλ. Περιφέρεια Ευβοίας,Electoral District of Euboea,2901.0,29010101.0,Δήμος Χαλκιδέων,Municipality of Chalkida,78665,44351,56.38,34314,43.62,207,0.47,271,0.61,ΝΕΑ ΔΗΜΟΚΡΑΤΙΑ,New Democracy,17085,38.94,2023
235,Εκλ. Περιφέρεια Ημαθίας,Electoral District of Imathia,803.0,,Δήμος Ηρωικής Πόλης Νάουσας,Municipality of Naousa,32029,18063,56.4,13966,43.6,93,0.51,104,0.58,ΝΕΑ ΔΗΜΟΚΡΑΤΙΑ,New Democracy,6485,36.3,2023
236,Εκλ. Περιφέρεια Α' Θεσσαλονίκης,Electoral District of Thessaloniki A,708.0,,Δήμος Κορδελιού – Ευόσμου,Municipallity of Kordelio - Evosmos,63652,35946,56.47,27706,43.53,154,0.43,207,0.58,ΝΕΑ ΔΗΜΟΚΡΑΤΙΑ,New Democracy,11572,32.52,2023
237,Εκλ. Περιφέρεια Κυκλάδων,Electoral District of Cyclades,7001.0,70010101.0,Δήμος Τήνου,Municipality of Tinos,9630,5440,56.49,4190,43.51,42,0.77,31,0.57,ΝΕΑ ΔΗΜΟΚΡΑΤΙΑ,New Democracy,2428,45.24,2023
238,Εκλ. Περιφέρεια Πιερίας,Electoral District of Pieria,1102.0,,Δήμος Δίου – Ολύμπου,Municipality of Dion - Olympos,27326,15462,56.58,11864,43.42,52,0.34,76,0.49,ΝΕΑ ΔΗΜΟΚΡΑΤΙΑ,New Democracy,5848,38.14,2023
239,Εκλ. Περιφέρεια Καρδίτσας,Electoral District of Karditsa,2301.0,,Δήμος Καρδίτσας,Municipality of Karditsa,49505,28012,56.58,21493,43.42,129,0.46,239,0.85,ΝΕΑ ΔΗΜΟΚΡΑΤΙΑ,New Democracy,10842,39.22,2023
240,Εκλ. Περιφέρεια Β' Πειραιώς,Electoral District of Piraeus B,5201.0,,Δήμος Σαλαμίνας,Municipality of Salamina,32055,18183,56.72,13872,43.28,106,0.58,121,0.67,ΝΕΑ ΔΗΜΟΚΡΑΤΙΑ,New Democracy,8450,47.06,2023
241,Εκλ. Περιφέρεια Λασιθίου,Electoral District of Lasithi,7202.0,72020101.0,Δήμος Ιεράπετρας,Municipality of Ierapetra,23258,13206,56.78,10052,43.22,57,0.43,90,0.68,ΝΕΑ ΔΗΜΟΚΡΑΤΙΑ,New Democracy,4926,37.72,2023
242,Εκλ. Περιφέρεια Β1' Βόρειου Τομέα Αθηνών,Electoral District of Athens B1 (North),4608.0,46080000.0,Δήμος Νέας Ιωνίας,Municipality of Nea Ionia,48486,27556,56.83,20930,43.17,129,0.47,153,0.56,ΝΕΑ ΔΗΜΟΚΡΑΤΙΑ,New Democracy,9322,34.18,2023
243,Εκλ. Περιφέρεια Κοζάνης,Electoral District of Kozani,1401.0,14010101.0,Δήμος Κοζάνης,Municipality of Kozani,65036,36964,56.84,28072,43.16,191,0.52,191,0.52,ΝΕΑ ΔΗΜΟΚΡΑΤΙΑ,New Democracy,12886,35.22,2023
244,Εκλ. Περιφέρεια Β3' Νότιου Τομέα Αθηνών,Electoral District of Athens B3 (South),4502.0,45020000.0,Δήμος Βύρωνος,Municipality of Vyron,43785,24904,56.88,18881,43.12,124,0.5,117,0.47,ΝΕΑ ΔΗΜΟΚΡΑΤΙΑ,New Democracy,9136,37.04,2023
245,Εκλ. Περιφέρεια Λάρισας,Electoral District of Larissa,2207.0,22070101.0,Δήμος Φαρσάλων,Municipality of Farsala,19151,10907,56.95,8244,43.05,28,0.26,58,0.53,ΝΕΑ ΔΗΜΟΚΡΑΤΙΑ,New Democracy,4923,45.49,2023
246,Εκλ. Περιφέρεια Ηρακλείου,Electoral District of Hraklion,7107.0,,Δήμος Φαιστού,Municipality of Faistos,21616,12318,56.99,9298,43.01,40,0.32,78,0.63,ΝΕΑ ΔΗΜΟΚΡΑΤΙΑ,New Democracy,4643,38.06,2023
247,Εκλ. Περιφέρεια Πέλλας,Electoral District of Pella,1004.0,10040101.0,Δήμος Σκύδρας,Municipality of Skydra,20300,11570,57.0,8730,43.0,42,0.36,71,0.61,ΝΕΑ ΔΗΜΟΚΡΑΤΙΑ,New Democracy,4399,38.4,2023
248,Εκλ. Περιφέρεια Ηρακλείου,Electoral District of Hraklion,7104.0,,Δήμος Γόρτυνας,Municipality of Gortyna,17816,10159,57.02,7657,42.98,24,0.24,56,0.55,ΠΑΣΟΚ-ΚΙΝΑΛ,PASOK - Movement for Change,3277,32.51,2023
249,Εκλ. Περιφέρεια Ευβοίας,Electoral District of Euboea,2902.0,,Δήμος Διρφύων – Μεσσαπίων,Municipality of Dirfys - Messapia,18741,10690,57.04,8051,42.96,54,0.51,70,0.65,ΝΕΑ ΔΗΜΟΚΡΑΤΙΑ,New Democracy,4054,38.37,2023
250,Εκλ. Περιφέρεια Αχαΐας,Electoral District of Achaea,3701.0,37010100.0,Δήμος Πατρέων,Municipality of Patra,166334,94884,57.04,71450,42.96,377,0.4,715,0.75,ΝΕΑ ΔΗΜΟΚΡΑΤΙΑ,New Democracy,30120,32.11,2023
251,Εκλ. Περιφέρεια Λασιθίου,Electoral District of Lasithi,7203.0,,Δήμος Οροπεδίου Λασιθίου,Municipality of Oropedio Lassithiou,3198,1824,57.04,1374,42.96,6,0.33,6,0.33,ΠΑΣΟΚ-ΚΙΝΑΛ,PASOK - Movement for Change,724,39.96,2023
252,Εκλ. Περιφέρεια Β' Θεσσαλονίκης,Electoral District of Thessaloniki B,704.0,,Δήμος Δέλτα,Municipality of Delta,38027,21718,57.11,16309,42.89,94,0.43,138,0.64,ΝΕΑ ΔΗΜΟΚΡΑΤΙΑ,New Democracy,7768,36.15,2023
253,Εκλ. Περιφέρεια Ευβοίας,Electoral District of Euboea,2903.0,29030101.0,Δήμος Ερέτριας,Municipality of Eretria,12998,7423,57.11,5575,42.89,27,0.36,42,0.57,ΝΕΑ ΔΗΜΟΚΡΑΤΙΑ,New Democracy,3211,43.66,2023
254,Εκλ. Περιφέρεια Β' Θεσσαλονίκης,Electoral District of Thessaloniki B,709.0,7090101.0,Δήμος Λαγκαδά,Municipality of Lagadas,49927,28649,57.38,21278,42.62,130,0.45,175,0.61,ΝΕΑ ΔΗΜΟΚΡΑΤΙΑ,New Democracy,11623,41.01,2023
255,Εκλ. Περιφέρεια Β1' Βόρειου Τομέα Αθηνών,Electoral District of Athens B1 (North),4508.0,,Δήμος Νέας Φιλαδέλφειας – Νέας Χαλκηδόνας,Municipality of Nea Philadelfia - Nea Chalkidona,30836,17697,57.39,13139,42.61,89,0.5,113,0.64,ΝΕΑ ΔΗΜΟΚΡΑΤΙΑ,New Democracy,6536,37.36,2023
256,Εκλ. Περιφέρεια Βοιωτίας,Electoral District of Boeotia,2801.0,28010101.0,Δήμος Λεβαδέων,Municipality of Levadia,28653,16475,57.5,12178,42.5,81,0.49,103,0.63,ΝΕΑ ΔΗΜΟΚΡΑΤΙΑ,New Democracy,5526,33.92,2023
257,Εκλ. Περιφέρεια Β2' Δυτικού Τομέα Αθηνών,Electoral District of Athens B2 (West),4703.0,,Δήμος Αγίων Αναργύρων – Καματερού,Municipality of Aghii Anargyri - Kamatero,45392,26172,57.66,19220,42.34,123,0.47,135,0.52,ΝΕΑ ΔΗΜΟΚΡΑΤΙΑ,New Democracy,9176,35.41,2023
258,Εκλ. Περιφέρεια Αργολίδος,Electoral District of Argolida,4101.0,41010101.0,Δήμος Ναυπλιέων,Municipality of Nafplio,29864,17223,57.67,12641,42.33,88,0.51,102,0.59,ΝΕΑ ΔΗΜΟΚΡΑΤΙΑ,New Democracy,7205,42.3,2023
259,Εκλ. Περιφέρεια Κορινθίας,Electoral District of Corinthia,4203.0,,Δήμος Λουτρακίου – Περαχώρας – Αγ. Θεοδώρων,Municipality of Loutraki - Perachora - Aghii Theodori,19122,11040,57.73,8082,42.27,51,0.46,79,0.72,ΝΕΑ ΔΗΜΟΚΡΑΤΙΑ,New Democracy,4372,40.07,2023
260,Εκλ. Περιφέρεια Λάρισας,Electoral District of Larissa,2205.0,22050202.0,Δήμος Τεμπών,Municipality of Tempi,17118,9907,57.87,7211,42.13,49,0.49,62,0.63,ΝΕΑ ΔΗΜΟΚΡΑΤΙΑ,New Democracy,3817,38.96,2023
261,Εκλ. Περιφέρεια Α' Ανατολικής Αττικής,Electoral District of East Attica,4912.0,,Δήμος Σπάτων – Αρτέμιδος,Municipality of Spata - Artemis,26086,15108,57.92,10978,42.08,84,0.56,77,0.51,ΝΕΑ ΔΗΜΟΚΡΑΤΙΑ,New Democracy,6239,41.74,2023
262,Εκλ. Περιφέρεια Β2' Δυτικού Τομέα Αθηνών,Electoral District of Athens B2 (West),4705.0,47050000.0,Δήμος Ιλίου,Municipality of Ilio,55456,32137,57.95,23319,42.05,151,0.47,191,0.59,ΝΕΑ ΔΗΜΟΚΡΑΤΙΑ,New Democracy,10754,33.82,2023
263,Εκλ. Περιφέρεια Τρικάλων,Electoral District of Triakala,2601.0,26010101.0,Δήμος Τρικκαίων,Municipality of Trikala,66147,38349,57.98,27798,42.02,197,0.51,249,0.65,ΝΕΑ ΔΗΜΟΚΡΑΤΙΑ,New Democracy,15139,39.94,2023
264,Εκλ. Περιφέρεια Καρδίτσας,Electoral District of Karditsa,2305.0,23050101.0,Δήμος Παλαμά,Municipality of Palamas,16866,9781,57.99,7085,42.01,36,0.37,65,0.66,ΝΕΑ ΔΗΜΟΚΡΑΤΙΑ,New Democracy,4481,46.29,2023
265,Εκλ. Περιφέρεια Β' Δυτικής Αττικής,Electoral District of West Attica,5004.0,50040101.0,Δήμος Μεγαρέων,Municipality of Megara,29305,16998,58.0,12307,42.0,93,0.55,87,0.51,ΝΕΑ ΔΗΜΟΚΡΑΤΙΑ,New Democracy,8116,48.26,2023
266,Εκλ. Περιφέρεια Α' Ανατολικής Αττικής,Electoral District of East Attica,4904.0,49040000.0,Δήμος Κρωπίας,Municipality of Koropi,20375,11863,58.22,8512,41.78,57,0.48,64,0.54,ΝΕΑ ΔΗΜΟΚΡΑΤΙΑ,New Democracy,5523,47.04,2023
267,Εκλ. Περιφέρεια Ρεθύμνης,Electoral District of Rethymno,7303.0,73030102.0,Δήμος Αμαρίου,Municipality of Amari,6126,3568,58.24,2558,41.76,19,0.53,14,0.39,ΝΕΑ ΔΗΜΟΚΡΑΤΙΑ,New Democracy,1370,38.76,2023
268,Εκλ. Περιφέρεια Ρεθύμνης,Electoral District of Rethymno,7301.0,73010101.0,Δήμος Ρεθύμνης,Municipality of Rethymno,39495,23080,58.44,16415,41.56,112,0.49,90,0.39,ΝΕΑ ΔΗΜΟΚΡΑΤΙΑ,New Democracy,8452,36.94,2023
269,Εκλ. Περιφέρεια Χαλκιδικής,Electoral District of Chalkidiki,1302.0,,Δήμος Αριστοτέλη,Municipality of Aristotelis,20407,11935,58.48,8472,41.52,55,0.46,82,0.69,ΝΕΑ ΔΗΜΟΚΡΑΤΙΑ,New Democracy,4689,39.74,2023
270,Εκλ. Περιφέρεια Χαλκιδικής,Electoral District of Chalkidiki,1301.0,13010101.0,Δήμος Πολυγύρου,Municipality of Polygyros,21934,12847,58.57,9087,41.43,42,0.33,77,0.6,ΝΕΑ ΔΗΜΟΚΡΑΤΙΑ,New Democracy,5233,41.11,2023
271,Εκλ. Περιφέρεια Λάρισας,Electoral District of Larissa,2201.0,22010100.0,Δήμος Λαρισαίων,Municipality of Larissa,116350,68148,58.57,48202,41.43,314,0.46,412,0.6,ΝΕΑ ΔΗΜΟΚΡΑΤΙΑ,New Democracy,25336,37.58,2023
272,Εκλ. Περιφέρεια Άρτας,Electoral District of Arta,1901.0,19010101.0,Δήμος Αρταίων,Municipality of Arta,38772,22735,58.64,16037,41.36,103,0.45,198,0.87,ΝΕΑ ΔΗΜΟΚΡΑΤΙΑ,New Democracy,8034,35.81,2023
273,Εκλ. Περιφέρεια Μαγνησίας,Electoral District of Magnisia,2402.0,24020101.0,Δήμος Αλμυρού,Municipality of Almyros,18415,10822,58.77,7593,41.23,52,0.48,83,0.77,ΝΕΑ ΔΗΜΟΚΡΑΤΙΑ,New Democracy,5397,50.5,2023
274,Εκλ. Περιφέρεια Φθιώτιδας,Electoral District of Fthiotida,2701.0,27010101.0,Δήμος Λαμιέων,Municipality of Lamia,60623,35649,58.8,24974,41.2,193,0.54,212,0.59,ΝΕΑ ΔΗΜΟΚΡΑΤΙΑ,New Democracy,14690,41.68,2023
275,Εκλ. Περιφέρεια Λασιθίου,Electoral District of Lasithi,7201.0,72010101.0,Δήμος Αγίου Νικολάου,Municipality of Aghios Nikolaos,22599,13297,58.84,9302,41.16,81,0.61,102,0.77,ΝΕΑ ΔΗΜΟΚΡΑΤΙΑ,New Democracy,5383,41.05,2023
276,Εκλ. Περιφέρεια Β3' Νότιου Τομέα Αθηνών,Electoral District of Athens B3 (South),4808.0,48080000.0,Δήμος Παλαιού Φαλήρου,Municipality of Paleo Faliro,50547,29807,58.97,20740,41.03,166,0.56,130,0.44,ΝΕΑ ΔΗΜΟΚΡΑΤΙΑ,New Democracy,15306,51.87,2023
277,Εκλ. Περιφέρεια Φθιώτιδας,Electoral District of Fthiotida,2703.0,27030101.0,Δήμος Δομοκού,Municipality of Domokos,12420,7327,58.99,5093,41.01,35,0.48,44,0.6,ΝΕΑ ΔΗΜΟΚΡΑΤΙΑ,New Democracy,3320,45.81,2023
278,Εκλ. Περιφέρεια Κυκλάδων,Electoral District of Cyclades,6802.0,68020000.0,Δήμος Αντιπάρου,Municipality of Antiparos,1232,729,59.17,503,40.83,2,0.27,4,0.55,ΝΕΑ ΔΗΜΟΚΡΑΤΙΑ,New Democracy,379,52.42,2023
279,Εκλ. Περιφέρεια Β3' Νότιου Τομέα Αθηνών,Electoral District of Athens B3 (South),4505.0,45050000.0,Δήμος Ζωγράφου,Municipality of Zografos,47543,28151,59.21,19392,40.79,164,0.58,134,0.48,ΝΕΑ ΔΗΜΟΚΡΑΤΙΑ,New Democracy,11036,39.62,2023
280,Εκλ. Περιφέρεια Α' Ανατολικής Αττικής,Electoral District of East Attica,4905.0,49050101.0,Δήμος Λαυρεωτικής,Municipality of Lavrio,20847,12349,59.24,8498,40.76,52,0.42,82,0.66,ΝΕΑ ΔΗΜΟΚΡΑΤΙΑ,New Democracy,4953,40.55,2023
281,Εκλ. Περιφέρεια Β3' Νότιου Τομέα Αθηνών,Electoral District of Athens B3 (South),4807.0,48070000.0,Δήμος Νέας Σμύρνης,Municipality of Nea Smyrni,56428,33474,59.32,22954,40.68,151,0.45,155,0.46,ΝΕΑ ΔΗΜΟΚΡΑΤΙΑ,New Democracy,14609,44.05,2023
282,Εκλ. Περιφέρεια Φθιώτιδας,Electoral District of Fthiotida,2706.0,27060101.0,Δήμος Καμένων Βούρλων,Municipality of Kamena Vourla,11585,6894,59.51,4691,40.49,31,0.45,39,0.57,ΝΕΑ ΔΗΜΟΚΡΑΤΙΑ,New Democracy,3360,49.24,2023
283,Εκλ. Περιφέρεια Ιωαννίνων,Electoral District of Ioannina,1801.0,18010101.0,Δήμος Ιωαννιτών,Municipality of Ioannina,76470,45561,59.58,30909,40.42,267,0.59,300,0.66,ΝΕΑ ΔΗΜΟΚΡΑΤΙΑ,New Democracy,17416,38.71,2023
284,Εκλ. Περιφέρεια Α' Ανατολικής Αττικής,Electoral District of East Attica,4906.0,49060101.0,Δήμος Μαραθώνος,Municipality of Marathon,24127,14419,59.76,9708,40.24,74,0.51,68,0.47,ΝΕΑ ΔΗΜΟΚΡΑΤΙΑ,New Democracy,6959,48.74,2023
285,Εκλ. Περιφέρεια Β' Θεσσαλονίκης,Electoral District of Thessaloniki B,705.0,,Δήμος Θερμαϊκού,Municipality of Thermaikos,34381,20551,59.77,13830,40.23,87,0.42,117,0.57,ΝΕΑ ΔΗΜΟΚΡΑΤΙΑ,New Democracy,7729,37.99,2023
286,Εκλ. Περιφέρεια Βοιωτίας,Electoral District of Boeotia,2803.0,,Δήμος Διστόμου – Αράχοβας – Αντίκυρας,Municipality of Distomo - Arachova - Antikyra,7347,4406,59.97,2941,40.03,26,0.59,26,0.59,ΝΕΑ ΔΗΜΟΚΡΑΤΙΑ,New Democracy,1693,38.88,2023
287,Εκλ. Περιφέρεια Β3' Νότιου Τομέα Αθηνών,Electoral District of Athens B3 (South),4802.0,48020000.0,Δήμος Αγίου Δημητρίου,Municipality of Aghios Dimitrios,45781,27496,60.06,18285,39.94,147,0.53,156,0.57,ΝΕΑ ΔΗΜΟΚΡΑΤΙΑ,New Democracy,10198,37.5,2023
288,Εκλ. Περιφέρεια Β2' Δυτικού Τομέα Αθηνών,Electoral District of Athens B2 (West),4706.0,47060000.0,Δήμος Πετρουπόλεως,Municipality of Petroupoli,40279,24235,60.17,16044,39.83,128,0.53,141,0.58,ΝΕΑ ΔΗΜΟΚΡΑΤΙΑ,New Democracy,8130,33.92,2023
289,Εκλ. Περιφέρεια Μαγνησίας,Electoral District of Magnisia,2405.0,,Δήμος Ρήγα Φεραίου,Municipality of Rigas Fereos,12352,7445,60.27,4907,39.73,19,0.26,38,0.51,ΝΕΑ ΔΗΜΟΚΡΑΤΙΑ,New Democracy,3688,49.92,2023
290,Εκλ. Περιφέρεια Β' Θεσσαλονίκης,Electoral District of Thessaloniki B,713.0,7130301.0,Δήμος Χαλκηδόνος,Municipality of Chalkidona,31590,19046,60.29,12544,39.71,97,0.51,95,0.5,ΝΕΑ ΔΗΜΟΚΡΑΤΙΑ,New Democracy,7423,39.37,2023
291,Εκλ. Περιφέρεια Ρεθύμνης,Electoral District of Rethymno,7302.0,73020202.0,Δήμος Αγίου Βασιλείου,Municipality of Aghios Vassilios,9363,5652,60.37,3711,39.63,30,0.53,22,0.39,ΝΕΑ ΔΗΜΟΚΡΑΤΙΑ,New Democracy,1994,35.61,2023
292,Εκλ. Περιφέρεια Β3' Νότιου Τομέα Αθηνών,Electoral District of Athens B3 (South),4804.0,48040000.0,Δήμος Γλυφάδας,Municipality of Glyfada,66389,40177,60.52,26212,39.48,231,0.57,210,0.52,ΝΕΑ ΔΗΜΟΚΡΑΤΙΑ,New Democracy,21212,53.38,2023
293,Εκλ. Περιφέρεια Ηρακλείου,Electoral District of Hraklion,7101.0,71010100.0,Δήμος Ηρακλείου,Municipality of Iraklio,132177,80078,60.58,52099,39.42,400,0.5,477,0.6,ΝΕΑ ΔΗΜΟΚΡΑΤΙΑ,New Democracy,27628,34.88,2023
294,Εκλ. Περιφέρεια Ηρακλείου,Electoral District of Hraklion,7106.0,,Δήμος Μινώα Πεδιάδας,Municipality of Minoa Pediadas,17723,10746,60.63,6977,39.37,33,0.31,63,0.59,ΝΕΑ ΔΗΜΟΚΡΑΤΙΑ,New Democracy,3567,33.49,2023
295,Εκλ. Περιφέρεια Β3' Νότιου Τομέα Αθηνών,Electoral District of Athens B3 (South),4805.0,,Δήμος Ελληνικού – Αργυρούπολης,Municipality of Elliniko - Argyroupoli,39456,23937,60.67,15519,39.33,133,0.56,116,0.48,ΝΕΑ ΔΗΜΟΚΡΑΤΙΑ,New Democracy,9657,40.77,2023
296,Εκλ. Περιφέρεια Β1' Βόρειου Τομέα Αθηνών,Electoral District of Athens B1 (North),4607.0,46070000.0,Δήμος Μεταμορφώσεως,Municipality of Metamorfossi,20561,12479,60.69,8082,39.31,75,0.6,69,0.55,ΝΕΑ ΔΗΜΟΚΡΑΤΙΑ,New Democracy,4627,37.51,2023
297,Εκλ. Περιφέρεια Φθιώτιδας,Electoral District of Fthiotida,2707.0,,Δήμος Στυλίδας,Municipality of Stylida,12138,7428,61.2,4710,38.8,31,0.42,46,0.62,ΝΕΑ ΔΗΜΟΚΡΑΤΙΑ,New Democracy,3206,43.61,2023
298,Εκλ. Περιφέρεια Ηρακλείου,Electoral District of Hraklion,7108.0,71080406.0,Δήμος Χερσονήσου,Municipality of Chersonissos,20382,12500,61.33,7882,38.67,63,0.5,75,0.6,ΝΕΑ ΔΗΜΟΚΡΑΤΙΑ,New Democracy,5004,40.48,2023
299,Εκλ. Περιφέρεια Β' Θεσσαλονίκης,Electoral District of Thessaloniki B,714.0,7140101.0,Δήμος Ωραιοκάστρου,Municipality of Oreokastro,32891,20225,61.49,12666,38.51,107,0.53,130,0.64,ΝΕΑ ΔΗΜΟΚΡΑΤΙΑ,New Democracy,8264,41.34,2023
300,Εκλ. Περιφέρεια Α' Ανατολικής Αττικής,Electoral District of East Attica,4911.0,,Δήμος Σαρωνικού,Municipality of Saronikos,22790,14023,61.53,8767,38.47,56,0.4,65,0.46,ΝΕΑ ΔΗΜΟΚΡΑΤΙΑ,New Democracy,7074,50.88,2023
301,Εκλ. Περιφέρεια Β2' Δυτικού Τομέα Αθηνών,Electoral District of Athens B2 (West),4707.0,47070000.0,Δήμος Χαϊδαρίου,Municipality of Chaidari,34489,21226,61.54,13263,38.46,106,0.5,111,0.52,ΝΕΑ ΔΗΜΟΚΡΑΤΙΑ,New Democracy,8043,38.28,2023
302,Εκλ. Περιφέρεια Β1' Βόρειου Τομέα Αθηνών,Electoral District of Athens B1 (North),4503.0,45030000.0,Δήμος Γαλατσίου,Municipality of Galatsi,38543,23752,61.62,14791,38.38,119,0.5,145,0.61,ΝΕΑ ΔΗΜΟΚΡΑΤΙΑ,New Democracy,8140,34.66,2023
303,Εκλ. Περιφέρεια Α' Θεσσαλονίκης,Electoral District of Thessaloniki A,707.0,7070000.0,Δήμος Καλαμαριάς,Municipality of Kalamaria,56301,34717,61.66,21584,38.34,200,0.58,173,0.5,ΝΕΑ ΔΗΜΟΚΡΑΤΙΑ,New Democracy,12649,36.83,2023
304,Εκλ. Περιφέρεια Β3' Νότιου Τομέα Αθηνών,Electoral District of Athens B3 (South),4803.0,48030000.0,Δήμος Αλίμου,Municipality of Alimos,35092,21639,61.66,13453,38.34,108,0.5,70,0.32,ΝΕΑ ΔΗΜΟΚΡΑΤΙΑ,New Democracy,10450,48.69,2023
305,Εκλ. Περιφέρεια Β3' Νότιου Τομέα Αθηνών,Electoral District of Athens B3 (South),4506.0,45060000.0,Δήμος Ηλιουπόλεως,Municipality of Ilioupoli,59812,37029,61.91,22783,38.09,212,0.57,172,0.46,ΝΕΑ ΔΗΜΟΚΡΑΤΙΑ,New Democracy,13831,37.74,2023
306,Εκλ. Περιφέρεια Α' Ανατολικής Αττικής,Electoral District of East Attica,4902.0,,Δήμος Βάρης – Βούλας – Βουλιαγμένης,Municipality of Vari - Voula - Vouliagmeni,44318,27456,61.95,16862,38.05,129,0.47,83,0.3,ΝΕΑ ΔΗΜΟΚΡΑΤΙΑ,New Democracy,17144,62.93,2023
307,Εκλ. Περιφέρεια Β1' Βόρειου Τομέα Αθηνών,Electoral District of Athens B1 (North),4612.0,46120000.0,Δήμος Χαλανδρίου,Municipality of Chalandri,52683,32731,62.13,19952,37.87,177,0.54,136,0.42,ΝΕΑ ΔΗΜΟΚΡΑΤΙΑ,New Democracy,15066,46.47,2023
308,Εκλ. Περιφέρεια Α' Ανατολικής Αττικής,Electoral District of East Attica,4907.0,49070000.0,Δήμος Μαρκοπούλου Μεσογαίας,Municipality of Markopoulo Messogheas,15519,9646,62.16,5873,37.84,43,0.45,37,0.38,ΝΕΑ ΔΗΜΟΚΡΑΤΙΑ,New Democracy,4597,48.06,2023
309,Εκλ. Περιφέρεια Ρεθύμνης,Electoral District of Rethymno,7305.0,,Δήμος Μυλοποτάμου,Municipality of Mylopotamos,14085,8770,62.26,5315,37.74,27,0.31,38,0.43,ΠΑΣΟΚ-ΚΙΝΑΛ,PASOK - Movement for Change,3694,42.44,2023
310,Εκλ. Περιφέρεια Β1' Βόρειου Τομέα Αθηνών,Electoral District of Athens B1 (North),4604.0,46040000.0,Δήμος Ηρακλείου,Municipality of Iraklio,36467,22745,62.37,13722,37.63,107,0.47,103,0.45,ΝΕΑ ΔΗΜΟΚΡΑΤΙΑ,New Democracy,8816,39.12,2023
311,Εκλ. Περιφέρεια Φθιώτιδας,Electoral District of Fthiotida,2704.0,,Δήμος Λοκρών,Municipality of Lokri,18145,11341,62.5,6804,37.5,55,0.48,87,0.77,ΝΕΑ ΔΗΜΟΚΡΑΤΙΑ,New Democracy,4765,42.55,2023
312,Εκλ. Περιφέρεια Βοιωτίας,Electoral District of Boeotia,2806.0,28060404.0,Δήμος Τανάγρας,Municipality of Tanagra,14418,9029,62.62,5389,37.38,47,0.52,58,0.64,ΝΕΑ ΔΗΜΟΚΡΑΤΙΑ,New Democracy,3877,43.44,2023
313,Εκλ. Περιφέρεια Λάρισας,Electoral District of Larissa,2204.0,22040301.0,Δήμος Κιλελέρ,Municipality of Kileler,23523,14759,62.74,8764,37.26,54,0.37,69,0.47,ΝΕΑ ΔΗΜΟΚΡΑΤΙΑ,New Democracy,6205,42.4,2023
314,Εκλ. Περιφέρεια Ηρακλείου,Electoral District of Hraklion,7105.0,,Δήμος Μαλεβιζίου,Municipality of Minoa Pediadas,23199,14638,63.1,8561,36.9,72,0.49,72,0.49,ΝΕΑ ΔΗΜΟΚΡΑΤΙΑ,New Democracy,5205,35.91,2023
315,Εκλ. Περιφέρεια Β1' Βόρειου Τομέα Αθηνών,Electoral District of Athens B1 (North),4611.0,,Δήμος Φιλοθέης – Ψυχικού,Municipality of Filothei - Psychiko,27910,17673,63.32,10237,36.68,90,0.51,65,0.37,ΝΕΑ ΔΗΜΟΚΡΑΤΙΑ,New Democracy,11766,67.17,2023
316,Εκλ. Περιφέρεια Ηρακλείου,Electoral District of Hraklion,7102.0,,Δήμος Αρχανών – Αστερουσίων,Municipality of Archanes - Asteroussii,17641,11185,63.4,6456,36.6,36,0.32,41,0.37,ΝΕΑ ΔΗΜΟΚΡΑΤΙΑ,New Democracy,3761,33.86,2023
317,Εκλ. Περιφέρεια Β1' Βόρειου Τομέα Αθηνών,Electoral District of Athens B1 (North),4601.0,46010000.0,Δήμος Αμαρουσίου,Municipality of Amaroussio,51360,32748,63.76,18612,36.24,200,0.61,146,0.45,ΝΕΑ ΔΗΜΟΚΡΑΤΙΑ,New Democracy,15587,48.11,2023
318,Εκλ. Περιφέρεια Α' Ανατολικής Αττικής,Electoral District of East Attica,4913.0,49130103.0,Δήμος Ωρωπού,Municipality of Oropos,25060,15991,63.81,9069,36.19,69,0.43,81,0.51,ΝΕΑ ΔΗΜΟΚΡΑΤΙΑ,New Democracy,7312,46.16,2023
319,Εκλ. Περιφέρεια Β1' Βόρειου Τομέα Αθηνών,Electoral District of Athens B1 (North),4602.0,46020000.0,Δήμος Αγίας Παρασκευής,Municipality of Aghia Paraskevi,40782,26135,64.08,14647,35.92,154,0.59,94,0.36,ΝΕΑ ΔΗΜΟΚΡΑΤΙΑ,New Democracy,12552,48.49,2023
320,Εκλ. Περιφέρεια Β' Θεσσαλονίκης,Electoral District of Thessaloniki B,712.0,,Δήμος Πυλαίας – Χορτιάτη,Municipality of Pylea - Chortiatis,45476,29402,64.65,16074,35.35,176,0.6,161,0.55,ΝΕΑ ΔΗΜΟΚΡΑΤΙΑ,New Democracy,12830,44.14,2023
321,Εκλ. Περιφέρεια Α' Ανατολικής Αττικής,Electoral District of East Attica,4908.0,49080101.0,Δήμος Παιανίας,Municipality of Peania,19603,12731,64.94,6872,35.06,76,0.6,58,0.46,ΝΕΑ ΔΗΜΟΚΡΑΤΙΑ,New Democracy,5639,44.76,2023
322,Εκλ. Περιφέρεια Α' Ανατολικής Αττικής,Electoral District of East Attica,4909.0,49090301.0,Δήμος Παλλήνης,Municipality of Pallini,35157,22856,65.01,12301,34.99,119,0.52,100,0.44,ΝΕΑ ΔΗΜΟΚΡΑΤΙΑ,New Democracy,9614,42.47,2023
323,Εκλ. Περιφέρεια Β1' Βόρειου Τομέα Αθηνών,Electoral District of Athens B1 (North),4605.0,46050101.0,Δήμος Κηφισιάς,Municipality of Kifissia,57138,37165,65.04,19973,34.96,195,0.52,144,0.39,ΝΕΑ ΔΗΜΟΚΡΑΤΙΑ,New Democracy,23291,63.25,2023
324,Εκλ. Περιφέρεια Β' Θεσσαλονίκης,Electoral District of Thessaloniki B,706.0,7060101.0,Δήμος Θέρμης,Municipality of Thermi,39756,25931,65.23,13825,34.77,132,0.51,114,0.44,ΝΕΑ ΔΗΜΟΚΡΑΤΙΑ,New Democracy,10055,39.15,2023
325,Εκλ. Περιφέρεια Β1' Βόρειου Τομέα Αθηνών,Electoral District of Athens B1 (North),4610.0,,Δήμος Πεντέλης,Municipality of Penteli,26700,17524,65.63,9176,34.37,106,0.6,77,0.44,ΝΕΑ ΔΗΜΟΚΡΑΤΙΑ,New Democracy,8560,49.36,2023
326,Εκλ. Περιφέρεια Β1' Βόρειου Τομέα Αθηνών,Electoral District of Athens B1 (North),4606.0,,Δήμος Λυκόβρυσης – Πεύκης,Municipality of Lykovryssi - Pefki,22586,14876,65.86,7710,34.14,92,0.62,62,0.42,ΝΕΑ ΔΗΜΟΚΡΑΤΙΑ,New Democracy,6641,45.11,2023
327,Εκλ. Περιφέρεια Α' Ανατολικής Αττικής,Electoral District of East Attica,4910.0,,Δήμος Ραφήνας – Πικερμίου,Municipality of Rafina - Pikermi,15343,10130,66.02,5213,33.98,63,0.62,56,0.55,ΝΕΑ ΔΗΜΟΚΡΑΤΙΑ,New Democracy,4743,47.38,2023
328,Εκλ. Περιφέρεια Β1' Βόρειου Τομέα Αθηνών,Electoral District of Athens B1 (North),4609.0,,Δήμος Παπάγου – Χολαργού,Municipality of Papagos - Cholargos,39398,26086,66.21,13312,33.79,143,0.55,126,0.48,ΝΕΑ ΔΗΜΟΚΡΑΤΙΑ,New Democracy,13403,51.92,2023
329,Εκλ. Περιφέρεια Β1' Βόρειου Τομέα Αθηνών,Electoral District of Athens B1 (North),4603.0,46030000.0,Δήμος Βριλησσίων,Municipality of Vrilissia,22431,15126,67.43,7305,32.57,88,0.58,66,0.44,ΝΕΑ ΔΗΜΟΚΡΑΤΙΑ,New Democracy,7738,51.68,2023
330,Εκλ. Περιφέρεια Εξωτερικού,Electoral District of Overseas,,,,,25610,17365,67.81,8245,32.19,67,0.39,40,0.23,ΝΕΑ ΔΗΜΟΚΡΑΤΙΑ,New Democracy,7460,43.23,2023
331,Εκλ. Περιφέρεια Α' Ανατολικής Αττικής,Electoral District of East Attica,4903.0,49030301.0,Δήμος Διονύσου,Municipality of Dionyssos,29032,20087,69.19,8945,30.81,87,0.43,83,0.41,ΝΕΑ ΔΗΜΟΚΡΑΤΙΑ,New Democracy,10953,54.99,2023
332,Εκλ. Περιφέρεια Ρεθύμνης,Electoral District of Rethymno,7304.0,73040000.0,Δήμος Ανωγείων,Municipality of Anogia,2518,1744,69.26,774,30.74,6,0.34,6,0.34,ΝΕΑ ΔΗΜΟΚΡΑΤΙΑ,New Democracy,671,38.74,2023
